Date,Open,High,Low,Close,Volume
2021-11-15,100,117.273,92.727,94.545,8448414
2021-11-16,94.909,97.091,94.182,94.545,2484102
2021-11-17,94.909,96,94.182,94.364,1511888
2021-11-18,94.364,94.727,93.091,93.091,775062
2021-11-21,92.909,92.909,89.182,91.455,1381316
2021-11-22,90.455,90.455,86.545,86.727,854751
2021-11-23,86.182,89.273,86.091,88.636,721817
2021-11-24,89.091,89.545,87.545,87.727,350363
2021-11-25,87.455,87.818,85.455,85.455,534879
2021-11-28,77,80.273,77,78.455,807159
2021-11-29,78.818,84.545,78.818,81.909,1479631
2021-11-30,81.727,82.182,79.909,80.273,520377
2021-12-01,80.909,82,79.091,79.455,523728
2021-12-02,79.545,80.636,79.455,80.182,288333
2021-12-05,80.545,81.818,80.545,81.636,583109
2021-12-06,81.909,82.727,81.455,81.636,761372
2021-12-07,82.182,83.727,81.909,83.273,661190
2021-12-08,83.818,84.455,82.636,83.273,696658
2021-12-09,83.273,83.364,80.545,80.909,638540
2021-12-12,82.182,82.182,79.727,80.545,631303
2021-12-13,80.909,81.545,80.455,80.636,386349
2021-12-14,80.636,81,79.909,80,381205
2021-12-15,80.455,80.727,80,80.364,233735
2021-12-16,80.636,83.273,80.545,81.636,831245
2021-12-19,81.455,81.545,80.182,80.182,294659
2021-12-20,80.091,80.091,78.545,78.909,330276
2021-12-21,79.273,80.727,78.818,80.545,359935
2021-12-22,80.909,82.364,80.545,81.909,691746
2021-12-23,81.818,84.455,81.182,84,998654
2021-12-26,85.455,87.545,84.818,86.545,1405028
2021-12-27,86.545,89.727,85.091,87.909,1062770
2021-12-28,88.091,91.091,87.273,90.909,750888
2021-12-29,90.909,92.182,88.727,90.909,791630
2021-12-30,90.727,92.364,89.727,92,390262
2022-01-02,92,94.364,90.273,90.545,501019
2022-01-03,90.545,90.545,88.909,89.273,295828
2022-01-04,89.545,92.364,89.273,91.273,262293
2022-01-05,90.909,91.818,90.727,91.273,122302
2022-01-06,90.545,91.818,90.364,91.455,117218
2022-01-09,91.455,91.455,90.273,90.455,203582
2022-01-10,90.455,91.455,89.909,91.091,221948
2022-01-11,90.909,96.727,90.727,96.364,945882
2022-01-12,96.364,99.273,96.364,97.636,1075146
2022-01-13,97.273,97.455,95.455,95.636,170103
2022-01-16,94.727,96.727,94.545,95.091,197361
2022-01-17,95.091,100,94.545,97.818,836102
2022-01-18,97.636,98.909,97.091,97.091,314105
2022-01-19,98.909,101.273,95.636,99.818,721313
2022-01-20,99.818,101.636,98.545,100,839272
2022-01-23,100,103.818,99.091,102.545,938840
2022-01-24,102.727,103.636,99.273,100.909,437514
2022-01-25,99.455,100.727,98.182,99.273,376429
2022-01-26,100.364,100.545,99.091,99.273,233358
2022-01-27,99.273,99.818,97.091,97.636,340396
2022-01-30,98,100.727,97.273,100,336959
2022-01-31,100,100.182,98.364,98.545,146354
2022-02-01,98.364,99.091,98.182,98.182,86882
2022-02-02,98.545,98.909,96.727,97.273,414156
2022-02-03,96.727,98.182,96.364,98.182,96856
2022-02-06,98,98.545,96.909,98.182,173082
2022-02-07,97.636,99.091,97.273,98.727,144511
2022-02-08,98.727,102.545,98.727,100.182,462078
2022-02-09,100.545,100.909,98.182,100.364,205358
2022-02-10,99.636,103.273,99.636,103.091,443813
2022-02-13,102.727,105.455,98.545,101.091,729873
2022-02-14,101.455,102.727,99.818,100,354490
2022-02-15,100,102.182,99.455,101.818,213103
2022-02-16,103.636,107.818,101.818,106.364,788627
2022-02-17,106.364,106.364,104,104.727,218151
2022-02-20,104.545,104.727,101.455,102.909,243270
2022-02-21,101.818,108.364,101.818,106.364,524633
2022-02-23,106.182,108.182,105.636,108,189048
2022-02-24,103.455,107.818,102.909,107.818,201799
2022-02-27,108,112.182,107.455,108.182,314423
2022-02-28,109.091,109.091,104.727,107.273,253341
2022-03-01,106.727,110.182,106.545,110,235781
2022-03-02,109.455,109.455,105.091,105.818,469342
2022-03-03,106.182,106.727,102.727,105.273,596693
2022-03-06,107.273,108.182,100.909,101.636,641087
2022-03-07,102,102,96.727,98,756078
2022-03-08,99.091,101.091,98.182,98.909,476183
2022-03-09,99.455,99.455,96.909,97.273,280834
2022-03-10,96.727,98,96,97.455,153817
2022-03-13,96.909,98.182,95.455,96.727,328560
2022-03-14,96,97.273,93.818,93.818,229207
2022-03-15,93.636,94.182,92.182,92.727,120258
2022-03-16,93.636,96,92.182,94.364,213481
2022-03-17,95.455,100.727,95.455,98.545,878907
2022-03-20,99.091,100.545,96.727,99.455,598717
2022-03-21,99.818,100,97.091,97.273,382270
2022-03-22,97.818,99.818,96.364,98,327456
2022-03-23,98.182,99.636,98,98.545,173658
2022-03-24,99.273,100.545,97.455,99.818,303809
2022-03-27,100,103.455,98.909,102.182,461069
2022-03-28,101.818,102.545,100.182,102,269335
2022-03-29,101.636,102.727,100.909,101.091,201962
2022-03-30,100.545,100.909,98.909,98.909,240633
2022-03-31,98.909,100.364,98.909,99.091,184790
2022-04-03,100,101.636,99.818,100.182,176167
2022-04-04,100.545,100.727,99.091,100.727,160273
2022-04-05,104.182,109.818,104.182,108.182,2377914
2022-04-06,111.818,114.909,99.273,104.182,1901874
2022-04-07,101.818,104.182,100.909,104.182,380448
2022-04-10,103.636,105.455,102.182,103.636,268572
2022-04-11,103.636,104,101.818,103.455,235908
2022-04-12,103.636,110.909,103.455,109.091,2028396
2022-04-13,113.636,115.455,109.273,112.909,2294619
2022-04-14,113.455,114,109.818,110.909,780324
2022-04-17,111.273,113.455,110.727,111.455,774359
2022-04-18,110.909,111.455,106.727,106.909,731022
2022-04-19,106.182,107.455,104.909,105.273,490753
2022-04-20,104.545,104.727,102.545,103.636,485728
2022-04-21,103.636,105.273,101.818,104.545,371786
2022-04-24,103.818,103.818,101.091,101.455,213079
2022-04-25,100.909,104.727,100.182,103.273,273281
2022-04-26,104.545,104.545,103.091,104,159414
2022-04-27,104,105.455,103.091,103.818,275814
2022-04-28,103.636,104.545,102.545,102.909,146160
2022-05-08,102.909,103.091,101.091,102.182,141783
2022-05-09,102.182,104.364,101.636,102.545,185365
2022-05-10,102.364,102.364,100,100.909,151887
2022-05-11,100.182,100.545,98.364,99.091,195473
2022-05-12,99.091,99.091,94,97.091,315391
2022-05-15,98.364,100.182,97.273,99.636,136573
2022-05-16,100,100.727,96,96,213209
2022-05-17,96,99.636,95.091,99.091,268522
2022-05-18,98.545,101.636,98.545,100.727,289706
2022-05-19,99.091,100.909,97.455,98,354983
2022-05-22,98.182,98.727,96.909,97.273,238631
2022-05-23,98.182,99.091,94.909,97.273,269698
2022-05-24,98.364,98.909,96,96.364,232500
2022-05-25,96.545,97.273,95.455,96.909,676403
2022-05-26,98,98.909,95.455,95.455,601452
2022-05-29,96.182,96.364,94.545,94.727,159727
2022-05-30,94.545,95.455,93.818,93.818,312818
2022-05-31,93.818,95.455,92.364,95.455,571248
2022-06-01,95.455,95.455,94,94.364,124777
2022-06-02,94.182,95.091,93.455,94.364,123666
2022-06-05,94,94,93.273,93.273,62631
2022-06-06,93.455,94,93.455,93.636,89106
2022-06-07,93.273,95.636,93.091,94.545,181192
2022-06-08,95.091,98,94,96.727,390193
2022-06-09,96.545,97.091,94.182,94.364,269673
2022-06-12,91.636,92.182,89.091,89.091,174661
2022-06-13,89.091,90.545,85.909,88.364,267780
2022-06-14,89.455,90.909,83.636,89.273,299066
2022-06-15,89.273,91.091,87.909,88.818,125728
2022-06-16,89.636,89.636,86.364,87.545,123246
2022-06-19,87.273,88.182,82.727,84,175886
2022-06-20,84.545,86.727,83.727,84.818,183546
2022-06-21,86.273,86.455,84.909,85.455,175822
2022-06-22,85.455,85.455,81.636,82.182,224732
2022-06-23,82.091,85,81.364,83.818,177855
2022-06-26,85.909,88.364,85.364,88.182,181908
2022-06-27,89.091,90.909,87.727,87.727,146523
2022-06-28,86.727,89.364,86.545,89.091,91093
2022-06-29,89,90,88.909,89.545,178224
2022-06-30,89.273,90.818,87.273,89.182,125137
2022-07-03,88.636,90.091,88.091,88.909,94024
2022-07-04,88.636,90.273,86.455,88.091,111146
2022-07-05,88.091,90.545,88.091,89.182,139572
2022-07-06,89.091,89.545,86.636,87.364,168135
2022-07-13,87.273,87.273,86.364,86.545,72414
2022-07-14,86.455,86.455,84.727,85,44723
2022-07-17,85.455,86.364,83.545,83.636,100960
2022-07-18,83.636,87.636,82.455,87.273,382982
2022-07-19,86.364,91.818,86.364,90.182,378743
2022-07-20,90.455,92.182,87.727,88.455,168654
2022-07-21,88.455,89.091,87.182,87.727,121746
2022-07-24,87.909,87.909,85.545,85.818,321691
2022-07-25,86.545,86.545,84.364,84.545,174539
2022-07-26,84.545,85.727,83.273,84.545,226167
2022-07-27,84.909,85.818,84.273,84.364,219336
2022-07-28,84.636,89.091,84.636,88.455,598167
2022-07-31,89.273,92,88.455,90.909,395364
2022-08-01,91.091,93.455,90,92.727,299477
2022-08-02,92.909,95.273,91.455,95.273,380550
2022-08-03,94.909,96,93.636,95.273,163735
2022-08-04,95.636,97.818,94.182,95.636,238378
2022-08-07,95.091,95.455,94,94.545,73780
2022-08-08,94.364,95.091,92.182,94,117437
2022-08-09,92.909,94.364,92.727,93.455,193488
2022-08-10,94.182,94.182,92.727,93.273,81015
2022-08-11,93.273,93.818,92.727,93.455,84746
2022-08-14,93.636,94.909,92.727,93.636,129557
2022-08-15,93.818,96.727,93.818,96.364,260053
2022-08-16,96.727,99.091,96.727,98.727,280386
2022-08-17,99.091,100.727,97.091,98.182,413039
2022-08-18,98.182,100.909,97.455,98,207986
2022-08-21,97.091,98.182,91.818,91.818,281684
2022-08-22,92.909,97.273,92.727,95.455,609851
2022-08-23,99.091,100.364,97.273,97.273,451718
2022-08-24,97.091,98.909,95.455,98.545,303998
2022-08-25,98,101.818,98,100,281663
2022-08-28,98.909,99.636,97.273,99.455,143705
2022-08-29,99.636,103.091,99.455,101.818,347602
2022-08-30,102.182,102.727,100,100.727,90616
2022-08-31,100,100.182,98.182,98.909,120148
2022-09-01,98.182,99.818,98.182,99.818,43778
2022-09-04,101.091,103.636,100.364,100.364,241471
2022-09-05,101.273,103.091,101.273,101.818,151336
2022-09-06,100.909,103.273,100.727,102.182,228518
2022-09-07,102.182,104,101.818,102.909,361885
2022-09-08,103.455,103.636,101.273,103.636,77041
2022-09-11,103.636,105.091,103.091,104.364,182251
2022-09-12,104.364,104.364,101.818,103.636,106467
2022-09-13,103.636,103.636,102.364,102.364,49679
2022-09-14,101.273,104.364,100.182,103.636,184150
2022-09-15,103.818,107.455,103.818,107.273,320487
2022-09-18,107.636,108.909,103.273,103.636,269998
2022-09-19,102.182,104.364,100,100.182,144593
2022-09-20,101.818,102.727,99.818,100.909,93782
2022-09-21,100,100.909,98.727,100.909,97358
2022-09-25,98.182,99.818,96.545,98.364,102418
2022-09-26,99.091,99.636,96.727,98,133264
2022-09-27,97.818,99.091,96,97.091,118952
2022-09-28,97.455,100.364,95.636,100.182,163173
2022-09-29,100,102.545,100,102,157314
2022-10-02,101.636,103.273,100.727,101.636,88669
2022-10-03,101.818,103.273,101.455,102.727,161942
2022-10-04,102.909,104.182,102,102,334834
2022-10-05,101.636,102.364,100,100.727,192440
2022-10-06,101.273,102.545,100.364,101.818,123948
2022-10-09,101.273,101.273,99.818,100.364,65355
2022-10-10,100.364,100.727,98.727,100.545,8298966
2022-10-11,100.909,101.818,99.636,100,530472
2022-10-12,102.545,104.545,100.182,100.182,421939
2022-10-13,100,100.545,98.364,98.727,186738
2022-10-16,98.182,98.909,96.909,97.091,192156
2022-10-17,97.818,98.727,97.455,97.818,85305
2022-10-18,98.727,100.545,98.727,100.364,180641
2022-10-19,100.545,100.545,98.545,98.545,112460
2022-10-20,98.364,100.545,98.364,100.182,207148
2022-10-23,100.909,102.545,100.182,101.273,144256
2022-10-24,101.091,104,101.091,103.818,259677
2022-10-25,104,105.818,102.727,103.636,423178
2022-10-26,103.636,104.545,101.273,101.636,163349
2022-10-27,101.636,102.727,101.273,102.364,106498
2022-10-30,102.182,102.182,100,101.636,82522
2022-10-31,101.818,101.818,100.364,101.091,66546
2022-11-01,102.727,102.727,99.455,100,103257
2022-11-02,99.818,100,97.273,99.273,160901
2022-11-03,98.182,100.545,98.182,98.909,72335
2022-11-06,100.545,102.727,99.818,101.455,157516
2022-11-07,101.455,103.273,100.545,102.727,134940
2022-11-08,103.273,103.636,101.455,101.818,72709
2022-11-09,102.909,105.636,102,103.091,521192
2022-11-10,101.818,103.273,101.455,101.455,91274
2022-11-13,102.727,102.909,98.545,99.818,86712
2022-11-14,98.545,99.818,96.545,99.818,136403
2022-11-15,98.545,100.727,98.364,100.182,69903
2022-11-16,99.091,101.455,98.364,101.455,89803
2022-11-17,101.455,101.455,100,100.364,40244
2022-11-20,100,101.455,99.091,101.273,58893
2022-11-21,101.273,101.273,98.364,99.273,90010
2022-11-22,99.818,99.818,97.455,99.455,38346
2022-11-24,99.091,99.818,95.818,99.636,125499
2022-11-27,97.273,99.455,97.273,99.455,36589
2022-11-28,97.455,100.727,97.273,99.455,178280
2022-11-29,99.091,100.727,98.909,100.727,85806
2022-11-30,101.273,102.727,100.182,102.727,298565
2022-12-01,102.182,103.091,101.455,101.455,49992
2022-12-04,100.545,101.091,99.636,100.727,26787
2022-12-05,100,100,98.182,98.727,61566
2022-12-06,96.909,99.636,96.909,99.636,44904
2022-12-07,99.818,99.818,97.455,99.455,40160
2022-12-08,98.182,100.364,98.182,100,32426
2022-12-11,99.455,99.455,97.091,97.091,42520
2022-12-12,96,96,90.818,91.818,208231
2022-12-13,91.818,94.727,91.818,94,119439
2022-12-14,94.545,95.818,91.818,92.727,138034
2022-12-15,92.909,95.091,92.909,95.091,94742
2022-12-18,95.455,98.727,95.273,97.273,198462
2022-12-19,96.545,97.091,95.636,97.091,46008
2022-12-20,96.364,98.182,95.273,98,93536
2022-12-21,98.182,98.182,96.364,97.273,42950
2022-12-22,97.273,97.273,95.455,96.909,74307
2022-12-25,94.727,96.909,94.727,96.909,51352
2022-12-26,96,98,96,97.273,65263
2022-12-27,96.364,97.818,96.364,97.273,90806
2022-12-28,96.909,97.636,95.091,97.273,160271
2022-12-29,97.091,97.273,95.818,97.273,75582
2023-01-01,96.364,97.091,95.818,97.091,57193
2023-01-02,96.545,97.273,95.273,96.364,147921
2023-01-03,96,98,95.818,97.091,189618
2023-01-04,96.909,97.273,95.818,95.818,94103
2023-01-05,95.455,96.727,95.455,96.545,45365
2023-01-08,96.727,96.727,95.455,95.818,50831
2023-01-09,95.818,96.545,95.091,95.455,129664
2023-01-10,96,97.636,95.636,96.364,165021
2023-01-11,96.364,97.273,95.455,95.455,152045
2023-01-12,95.455,96.364,95.455,95.455,46031
2023-01-15,95.455,97.273,95.455,96.182,103960
2023-01-16,95.636,96.909,95.636,96.727,69731
2023-01-17,96.727,98.909,96.364,98.909,264733
2023-01-18,98.909,100,96.727,98.182,406913
2023-01-19,97.636,98.182,96.727,96.727,67203
2023-01-22,96.727,97.273,96.545,97.273,104696
2023-01-23,96.909,98.364,96.909,98.182,252892
2023-01-24,98.182,100,97.455,100,242390
2023-01-25,100.182,100.545,98,99.091,254189
2023-01-26,98.364,99.091,98.182,99.091,109053
2023-01-29,98.545,99.091,98,99.091,208524
2023-01-30,99.273,99.636,97.636,99.091,181630
2023-01-31,98.364,99.273,97.636,99.091,141238
2023-02-01,98.909,100.727,98.727,99.818,296322
2023-02-02,99.636,99.636,98.182,99.636,86374
2023-02-05,98.727,99.091,97.273,98.364,60860
2023-02-06,97.636,100,97.455,98.182,178785
2023-02-07,99.091,99.091,96.545,96.909,143300
2023-02-08,96.909,97.455,96,96.727,128950
2023-02-09,96.182,97.091,95.636,97.091,51465
2023-02-12,96.364,96.545,95.636,96.545,64237
2023-02-13,96.545,98.182,96.364,98.182,210300
2023-02-14,98.182,100.727,97.636,100.727,254968
2023-02-15,100.727,101.636,99.273,100.364,314866
2023-02-16,100.545,102,99.818,100.909,198421
2023-02-19,100.909,101.818,99.273,99.636,180729
2023-02-20,98.727,100.909,98,98,131007
2023-02-21,97.273,99.818,97.273,99.818,61398
2023-02-23,99.091,100.364,98,98.182,79244
2023-02-26,98.909,99.091,97.273,97.636,60371
2023-02-27,97.455,98,95.818,98,89519
2023-02-28,98.364,99.636,98,99.091,188904
2023-03-01,98.909,102.727,98.545,102.727,178916
2023-03-02,103.091,107.091,102.545,105.818,541375
2023-03-05,106,106,103.455,104.545,175270
2023-03-06,103.818,105.091,103.455,105.091,67992
2023-03-07,105.091,106.727,103.818,104.727,341372
2023-03-08,103.818,105.091,103.818,104.364,175634
2023-03-09,104.364,105.091,103.455,104.909,74472
2023-03-12,104.364,104.364,102.727,103.091,171364
2023-03-13,103.636,104.909,102,102.182,295805
2023-03-14,101.818,105.273,101.273,104.364,358435
2023-03-15,104.364,105.818,103.273,103.818,223120
2023-03-16,103.636,104.909,101.818,103.818,96435
2023-03-19,104.545,105.818,100.909,102.364,187755
2023-03-20,103.273,103.273,100.909,101.818,164821
2023-03-21,102.182,105.636,102,105.455,242131
2023-03-22,106,107.636,104.545,106.364,282760
2023-03-23,106,108.727,105.455,107.273,259481
2023-03-26,107.273,108.545,106.909,107.818,94128
2023-03-27,107.818,108.545,106.727,108.545,553966
2023-03-28,108.545,109.091,106.545,108,186128
2023-03-29,108.182,108.182,105.455,108.182,185186
2023-03-30,109.091,111.818,108,110.909,350818
2023-04-02,111.818,112,109.091,110.545,122202
2023-04-03,111.818,112.727,110.545,112.727,214411
2023-04-04,112.727,112.727,109.455,110.364,167902
2023-04-05,110,110.909,109.091,109.818,66268
2023-04-06,109.636,110.182,109.091,109.091,78059
2023-04-09,108.909,110.727,108.909,110,49250
2023-04-10,109.091,109.818,108,108.182,89018
2023-04-11,108.545,109.091,106.909,108.364,93306
2023-04-12,108.727,111.273,108.182,110,185912
2023-04-13,110.545,110.545,108.182,109.091,50064
2023-04-16,109.091,109.818,108.182,109.636,57697
2023-04-17,108.545,110.909,108.182,109.091,150370
2023-04-25,110,111.636,109.455,111.455,137772
2023-04-26,111.455,113.273,111.455,112.727,201242
2023-04-27,113.091,115.091,112.545,114.909,200058
2023-04-30,114.909,116.364,114.182,114.909,144585
2023-05-01,115.455,118,115.091,118,232531
2023-05-02,117.455,118.727,116.727,117.273,221289
2023-05-03,116.727,119.273,115.455,115.455,162305
2023-05-04,115.455,116.909,114.545,115.273,93591
2023-05-07,115.818,116.182,113.273,115.091,77450
2023-05-08,115.455,115.455,113.636,115.455,97007
2023-05-09,115.455,116.545,114.727,116.364,65180
2023-05-10,116.364,116.364,113.818,116,57568
2023-05-11,115.273,115.636,114.364,114.545,68032
2023-05-14,115.091,117.273,114,116.364,70223
2023-05-15,116.364,117.273,115.091,115.455,97841
2023-05-16,115.818,116.909,115.091,116.364,87496
2023-05-17,116.364,120.182,116.364,118.909,279039
2023-05-18,119.091,119.455,116.364,118.182,155754
2023-05-21,117.273,120,117.273,118.182,145678
2023-05-22,118.182,121.091,117.636,121.091,127523
2023-05-23,125.455,129.091,121.455,123.636,880459
2023-05-24,123.273,125.455,122,122.727,155048
2023-05-25,122.182,124.364,121.091,123.818,160681
2023-05-28,123.273,125.455,123.273,125.273,77461
2023-05-29,125.091,128.909,125.091,128.182,161520
2023-05-30,127.636,128.909,126.545,127.273,110575
2023-05-31,126.364,130,124.909,130,208897
2023-06-01,129.818,130,127.818,128.727,57824
2023-06-04,128.182,129.091,127.455,127.455,80482
2023-06-05,127.273,127.273,124.909,127.091,93876
2023-06-06,127.273,127.273,125.636,126.545,90736
2023-06-07,126.182,137.636,126.182,130.909,391620
2023-06-08,132.909,142.182,132.909,140.727,680314
2023-06-11,144,146,139.091,142.727,167344
2023-06-12,142.727,144,140.727,143.818,94785
2023-06-13,142.364,148.727,142.364,146.182,164914
2023-06-14,146.182,150.364,146.182,150,237431
2023-06-15,153.818,153.818,150.727,152.545,418349
2023-06-18,152.545,153.273,150.727,152.727,176410
2023-06-19,152.909,158.727,152.909,154.545,469756
2023-06-20,155.091,170,154.727,170,258388
2023-06-21,170.909,177.636,165.455,176.364,543289
2023-06-22,176.364,176.364,161.273,161.818,412127
2023-07-02,160,168.545,154.545,162.182,121063
2023-07-03,162.182,172.545,161.818,171.636,220758
2023-07-04,172.182,173.818,169.091,169.091,258364
2023-07-05,169.091,170.182,157.091,159.091,226394
2023-07-06,162.182,166.364,157.273,158.182,160440
2023-07-09,158.182,158.182,150,150.364,197146
2023-07-10,150.909,156.364,150.909,154.545,181586
2023-07-11,154.545,169.091,154.545,165.455,381567
2023-07-12,166,172,162.545,166.727,300262
2023-07-13,167.273,167.636,163.636,163.636,130497
2023-07-16,164.182,167.636,161.636,164.545,183554
2023-07-17,164.364,166.364,162,166,127499
2023-07-18,164.182,166.545,160.727,161.818,93269
2023-07-19,163.091,174.727,158.545,172,413658
2023-07-20,172,180.364,170,177.273,381237
2023-07-23,179.273,180.364,173.636,176.909,72689
2023-07-24,174.182,185.818,173.818,182,283401
2023-07-25,182.727,184.545,178.364,180,368492
2023-07-26,178.545,183.636,177.273,178.545,175683
2023-07-27,180.909,182.364,178.909,180,109705
2023-07-30,178.182,182.727,178.182,178.364,69807
2023-07-31,180,183.091,179.091,180,116694
2023-08-01,177.273,181.636,177.273,178.182,66220
2023-08-02,177.091,180.545,175.636,178,63416
2023-08-03,174.545,180.909,174.545,180,88653
2023-08-06,177.273,180.909,177.273,179.455,13238
2023-08-07,178.364,178.909,169.091,170,139834
2023-08-08,172.727,172.727,164.545,166.364,94344
2023-08-09,166,167.818,162.364,165.455,117598
2023-08-10,165.636,177.455,165.455,174.545,153759
2023-08-13,174.545,184.545,173.636,183.636,97187
2023-08-14,181.818,189.273,181.818,187.273,158501
2023-08-15,185.091,190.727,184.545,190.727,91538
2023-08-16,189.636,203.455,187.818,200,220308
2023-08-17,199.091,201.818,193.455,193.636,107699
2023-08-20,196.727,197.636,186.545,187.636,61638
2023-08-21,190.545,193.636,188.182,190.727,158756
2023-08-22,191.273,192.364,186.364,188.909,125252
2023-08-23,187.273,188,185.455,186.364,90030
2023-08-24,184.545,190,184.545,186.364,77323
2023-08-27,189.818,189.818,185.636,186.545,26425
2023-08-28,185.455,189.455,185.455,189.455,82484
2023-08-29,188.364,190.909,188.364,190,70643
2023-08-30,190.909,198,190,192.727,225973
2023-08-31,193.273,194,186.909,190.545,83478
2023-09-03,190.909,190.909,186.364,187.273,63758
2023-09-04,186.545,194.545,186.545,192.909,256158
2023-09-05,193.636,196.364,191.455,191.636,124476
2023-09-06,192.727,195.455,188.545,188.545,146761
2023-09-07,189.273,198.909,188.545,198,234742
2023-09-10,198.545,198.545,191.091,192.545,66355
2023-09-11,190.909,207.273,190.909,199.818,305282
2023-09-12,195.818,199.091,192.545,193.273,117598
2023-09-13,192.727,195.273,192,192.727,100432
2023-09-14,192.182,200,186.182,186.182,622299
2023-09-17,187.818,191.818,186.727,188.727,52822
2023-09-18,188.727,191.091,175.455,179.091,203023
2023-09-19,179.091,181.636,176.364,181.636,66507
2023-09-20,179.636,181.455,174,180,78305
2023-09-21,180,181.091,169.091,170.182,152923
2023-09-25,170,176.727,167.636,174.545,140359
2023-09-26,175.455,183.636,170.909,183.273,100727
2023-09-27,181.818,190.909,181.818,187.273,158278
2023-09-28,188.182,190.545,185.273,188,91917
2023-10-01,187.273,187.636,184.909,187.273,10884
2023-10-02,186.182,198.182,184.727,192.909,131044
2023-10-03,194.545,194.545,188.182,190.909,87739
2023-10-04,188.364,194.545,188.364,191.273,58428
2023-10-05,191.636,192.545,188.364,188.727,53306
2023-10-08,188.727,192.727,172.727,172.727,91403
2023-10-09,171.818,183.091,171.091,179.091,140824
2023-10-10,178.364,180.182,172.727,174.545,122077
2023-10-11,175.091,176.364,172.727,173.818,76388
2023-10-12,174.182,176.182,170.727,174.364,47462
2023-10-15,174.545,175.818,172.727,174.727,22708
2023-10-16,175.636,182.909,175.273,181.818,96134
2023-10-17,181.818,190.364,180.364,189.818,96800
2023-10-18,187.636,191.818,185.273,187.273,106315
2023-10-19,187.273,187.273,182,185.636,125730
2023-10-22,186.364,186.364,183.091,185.818,52892
2023-10-23,186,186,176.182,180.545,124513
2023-10-24,181.273,184.727,177.455,183.636,114306
2023-10-25,184.545,190.182,181.273,190.182,146651
2023-10-26,200,209.091,191.091,194.364,544406
2023-10-29,192.727,198.909,189.455,195.091,122907
2023-10-30,194.545,195.091,190.182,192.727,149047
2023-10-31,189.091,191.636,183.455,183.455,318613
2023-11-01,185.455,185.455,180.727,184.545,133246
2023-11-02,184.727,186.182,178.182,180.545,335183
2023-11-05,180.727,186.909,180.182,186,229170
2023-11-06,187.273,187.818,178.364,180.727,392148
2023-11-07,181.636,181.636,171.818,173.455,477001
2023-11-08,173.636,175.273,171.818,173.091,313630
2023-11-09,164,169.818,156,161.818,802817
2023-11-12,162.727,164.364,160.182,161.636,219204
2023-11-13,160.909,165.091,159.455,161.818,406778
2023-11-14,161.818,164.545,159.818,160.727,157367
2023-11-15,161.273,163.091,160.545,161.818,193200
2023-11-16,162.364,162.364,160.727,161.455,148776
2023-11-19,161.818,162.909,160.545,160.909,86747
2023-11-20,160.909,161.818,160,161.273,79384
2023-11-21,160.727,162.182,160.545,161.455,308691
2023-11-22,162,168,162,163.636,475270
2023-11-23,163.636,164.727,162.364,163.636,205734
2023-11-26,163.636,164.909,161.636,162,206520
2023-11-27,162.545,165.636,162.545,165.091,285777
2023-11-28,165.455,168.545,164.545,165.273,629871
2023-11-29,167.273,167.273,164,164.182,643772
2023-11-30,164.182,169.818,164.182,168.364,753743
2023-12-03,170,175.273,168.909,174.545,394649
2023-12-04,174.909,180.545,173.636,178.727,368726
2023-12-05,179.091,181.636,177.636,180.727,227738
2023-12-06,180.727,188.909,179.455,188.727,326077
2023-12-07,185.455,189.091,184.545,185.455,282707
2023-12-10,185.455,195.091,184.545,191.636,127423
2023-12-11,191.636,191.636,187.636,188.182,141129
2023-12-12,188,191.273,187.818,188.182,112770
2023-12-13,190,195.273,188.727,195.273,147180
2023-12-14,195.273,197.273,192.545,192.727,114025
2023-12-17,192.727,193.636,186,189.091,170716
2023-12-18,188.182,189.091,185.273,188.909,174978
2023-12-19,187.636,191.818,186.364,190,125253
2023-12-20,190,190.545,185.455,187.273,131215
2023-12-21,186.727,191.818,185.818,189.636,91205
2023-12-24,192.727,199.818,189.818,198.182,161010
2023-12-25,198.727,210.182,195.818,202.909,236427
2023-12-26,203.091,211.818,202.727,208.545,224115
2023-12-27,209.091,209.091,205.636,208.909,119286
2023-12-28,208.909,215.636,207.273,215.455,190838
2023-12-31,215.636,221.818,212.727,219.091,120701
2024-01-01,219.091,226.364,218.182,222.727,89294
2024-01-02,221.818,224.909,216.364,221.455,149313
2024-01-03,219.091,220.727,217.091,218.182,232569
2024-01-04,213.818,220.909,213.636,218.182,215752
2024-01-07,218.364,221.455,216.545,218.182,110773
2024-01-08,218.364,220,206.182,208.182,374808
2024-01-09,208.545,212.727,202.909,210,164190
2024-01-10,213.636,217.273,210,211.818,114098
2024-01-11,213.091,223.455,213.091,221.818,292717
2024-01-14,221.818,226,219.091,223.818,33436
2024-01-15,224.545,229.455,216.364,219.636,176441
2024-01-16,226.182,237.091,220.364,236.182,332517
2024-01-17,241.818,257.636,240,245.455,369531
2024-01-18,245.455,245.636,230.545,232.545,162369
2024-01-21,233.273,247.091,233.273,236.364,115001
2024-01-22,236.364,238.909,232.182,232.182,94851
2024-01-23,232.909,236.545,230,230,85290
2024-01-24,230,239.818,224.182,227.455,192442
2024-01-25,227.455,230.909,224.364,229.636,134825
2024-01-28,230.909,235.091,228.182,234.182,82894
2024-01-29,235.455,239.091,234.364,234.545,114484
2024-01-30,234.364,237.273,228.727,230.545,106599
2024-01-31,233.818,240.182,231.636,236.545,116114
2024-02-01,239.455,250.727,236.545,245.091,238888
2024-02-04,248.182,250.909,242.727,249.818,100531
2024-02-05,249.818,260.727,247.273,260.727,146812
2024-02-06,260,261.091,253.455,258.182,134189
2024-02-07,255.455,259.455,253.273,257.273,167120
2024-02-08,257.273,258.909,254.545,255.091,78397
2024-02-11,255.455,257.091,253.091,254,59115
2024-02-12,254.364,271.273,254.364,263.636,232722
2024-02-13,263.636,263.636,254.909,259.091,118034
2024-02-14,259.091,261.818,255.455,260.364,155049
2024-02-15,260.545,262.727,257.273,258.909,172879
2024-02-18,258.182,261.455,254.545,254.545,73908
2024-02-19,254.727,259.273,244.182,253.636,166097
2024-02-20,253.636,259.818,238.182,238.182,337444
2024-02-21,240.909,245.636,236.727,239.455,183044
2024-02-25,239.636,246.364,239.455,239.455,105796
2024-02-26,239.636,241.818,234,235.455,67414
2024-02-27,234.909,238.364,234,235.273,96217
2024-02-28,238.182,243.091,236.364,239.273,92832
2024-02-29,240.727,246,238.364,238.727,175762
2024-03-03,240.182,245.636,240.182,244.545,115038
2024-03-04,244.727,254,244.727,249.091,213751
2024-03-05,250.909,259.091,250.727,256.727,253546
2024-03-06,256.727,256.727,242.545,244,306578
2024-03-07,244,244.545,232.182,234.545,230224
2024-03-10,230.909,230.909,211.091,211.091,689527
2024-03-11,204.545,208.182,190,190,824320
2024-03-12,187.636,208.909,182.727,208.909,1907095
2024-03-13,210.909,229.636,201.818,229.636,1149622
2024-03-14,230.545,244.364,225.455,240,1103934
2024-03-17,240,249.091,235.455,238.909,362959
2024-03-18,235.818,236.364,227.273,227.455,307036
2024-03-19,227.273,231.273,218.182,222.182,283911
2024-03-20,219.636,225.818,219.455,220.909,141568
2024-03-21,220,231.818,219.636,222.364,293641
2024-03-24,222.545,230.182,220.727,224.727,102175
2024-03-25,224.727,224.727,214.727,214.727,187914
2024-03-26,214.727,224.545,213.636,217.273,222585
2024-03-27,217.818,219.636,207.273,208.364,164944
2024-03-28,211.636,215.818,200.909,202.727,139283
2024-03-31,204.545,213.818,204.545,207.818,215127
2024-04-01,209.091,209.091,197.818,201.818,160136
2024-04-02,203.636,203.636,193.818,194.727,248988
2024-04-03,194.727,197.091,190.545,191.273,361270
2024-04-04,191.818,204,187.273,202.727,376222
2024-04-14,197.455,213.818,194.545,212,163350
2024-04-15,215.455,218.727,209.636,212.182,143108
2024-04-16,211.818,213.091,204.545,205.455,100923
2024-04-17,205.273,206.727,200.364,203.818,127340
2024-04-18,203.818,205.455,200.364,201.273,83494
2024-04-21,200.727,204.727,200.182,201.455,68524
2024-04-22,202.545,202.545,197.636,197.636,91052
2024-04-23,198.182,210.364,197.273,202,291336
2024-04-24,206.182,206.182,198.182,199.455,114708
2024-04-25,198.909,201.091,195.273,195.273,106622
2024-04-28,197.455,199.636,190.909,195.636,80257
2024-04-29,197.273,200.727,193.818,194.727,116290
2024-04-30,194.364,199.636,193.818,199.091,89328
2024-05-01,195.455,198.182,193.273,193.818,150951
2024-05-02,194.182,197.818,194.182,197.273,125447
2024-05-05,197.273,203.455,195.636,200.909,112116
2024-05-06,203.636,203.636,196.909,199.091,124100
2024-05-07,200,202.545,198.182,199.091,74682
2024-05-08,198.727,204.545,198.182,204.545,121825
2024-05-09,205.455,205.455,198.182,199.091,141474
2024-05-12,199.091,199.091,194.909,198.182,63260
2024-05-13,196.545,203.636,194.545,200.909,164385
2024-05-14,201.818,204.364,196.364,196.364,171007
2024-05-15,196.364,201.455,196.364,198.909,113241
2024-05-16,200.909,201.636,198.545,201.273,102888
2024-05-19,203.636,213.091,200,210.909,329234
2024-05-20,210.909,210.909,202.182,202.182,86310
2024-05-21,202.909,209.818,202.909,208.545,75681
2024-05-22,209.091,209.273,202.545,202.909,49752
2024-05-23,203.091,203.091,193.636,194,195512
2024-05-26,194,195.455,189.273,193.636,65517
2024-05-27,192.727,193.818,187.273,189.091,122631
2024-05-28,189.091,189.636,180.545,180.545,98947
2024-05-29,182.545,184,179.636,181.091,93040
2024-05-30,181.091,185.091,175.091,183.636,142692
2024-06-02,184.545,187.636,181.818,184.909,116212
2024-06-03,186,192.727,184.909,192.727,204300
2024-06-04,192.727,195.091,190,191.818,120360
2024-06-05,191.273,196.364,187.818,190.727,48123
2024-06-06,190.545,191.818,185.636,187.636,37348
2024-06-09,187.818,194.364,185.273,192.182,130918
2024-06-10,195.273,208.182,191.818,207.455,190685
2024-06-11,207.455,212.727,202.364,203.273,176614
2024-06-12,203.273,211.636,201.273,208.182,145436
2024-06-13,210,210,203.455,204.727,70752
2024-06-23,204.727,210.727,199.091,200.182,49391
2024-06-24,200.909,204.545,198.182,202.909,75730
2024-06-25,202.909,208.909,200,208,104501
2024-06-26,206.182,214.909,206,212.909,130426
2024-06-27,213.636,214.909,206.545,207.273,67494
2024-06-30,207.818,208.727,205.091,205.091,22915
2024-07-01,204.545,212.545,204.545,210,77258
2024-07-02,210.909,211.455,208.364,209.091,38863
2024-07-03,208.727,209.091,204.545,204.545,22227
2024-07-04,204.364,204.545,200,201.818,40149
2024-07-07,201.818,212.545,201.273,210.364,131319
2024-07-08,213.636,213.636,208.182,210.364,75170
2024-07-09,210,210.182,207.636,210,25715
2024-07-10,210,211.636,208.545,210.909,23471
2024-07-11,210.909,213.455,207.091,208.545,46046
2024-07-14,208.545,211.818,206.364,210,63401
2024-07-15,210.909,211.455,206.364,209.091,41124
2024-07-16,210,211.091,208.545,210,40187
2024-07-17,210.727,213.273,208,210.909,66817
2024-07-18,210.727,212.727,208.182,209.273,44123
2024-07-21,208.364,218.727,208.364,215.455,120685
2024-07-22,215.455,217.091,211.818,215.455,95076
2024-07-23,213.091,219.091,212.909,214.545,172801
2024-07-24,214.545,214.545,207.273,207.818,100778
2024-07-25,207.818,210.545,206.909,210,35114
2024-07-28,208.364,210,204.182,205.818,47546
2024-07-29,205.818,205.818,202.545,203.636,46654
2024-07-30,202.909,207.455,200.909,206.727,45739
2024-07-31,208.182,208.182,203.273,205.455,30542
2024-08-01,205.455,210.364,204,206.364,49156
2024-08-04,194.545,203.455,194.545,198.364,49014
2024-08-05,196.545,198,183.636,187.273,117240
2024-08-06,187.273,194.545,187.273,188.182,82032
2024-08-07,191.273,191.455,187.455,189.455,73477
2024-08-08,188.182,188.545,180.909,181.455,164263
2024-08-11,168.182,187.818,168.182,187.636,137965
2024-08-12,187.273,192.364,184.545,189.273,49586
2024-08-13,189.091,189.455,181.636,186.545,218488
2024-08-14,186.545,189.091,186,187.636,44922
2024-08-15,189.091,192.727,187.273,192.727,81767
2024-08-18,193.636,198.545,192.727,193.091,107810
2024-08-19,192.727,197.636,190,197.455,160997
2024-08-20,197.636,202,194.909,196.182,172372
2024-08-21,196.364,197.091,193.636,193.636,54426
2024-08-22,193.636,197.273,193.636,194.364,58800
2024-08-25,195.091,197.273,193.091,193.273,66009
2024-08-26,193.273,196,188.727,188.909,97975
2024-08-27,191.818,191.818,187.273,188.727,70876
2024-08-28,188.727,189.455,186.545,187.455,46125
2024-08-29,187.273,190.727,187.273,189.273,64721
2024-09-01,188.545,190.727,188.364,189.636,35774
2024-09-02,188.727,190.909,188.727,189.818,55470
2024-09-03,189.818,190.182,188,188.182,59352
2024-09-04,188,189.091,185.455,187.818,68915
2024-09-05,186.909,188.182,183.636,183.818,66270
2024-09-08,183.818,184.727,179.091,182.182,49900
2024-09-09,182,183.636,180,181.091,50772
2024-09-10,181.818,182.182,180.182,180.545,32006
2024-09-11,180.909,182.182,178.727,180.364,84032
2024-09-12,182.727,182.909,179.273,179.455,67123
2024-09-15,180,183.091,180,181.636,39086
2024-09-16,182.727,182.727,181.091,182.727,64394
2024-09-17,182.727,189.091,181.818,187.273,93059
2024-09-18,187.273,189.091,186,186.909,47290
2024-09-19,183.636,187.455,183.636,186.545,124968
2024-09-22,186.364,192.727,185.818,190,77622
2024-09-24,190.909,191.818,188,190,117496
2024-09-25,189.818,189.818,187.636,188.182,57565
2024-09-26,188.182,188.182,182.909,184.545,145372
2024-09-29,183.636,184.545,182.727,182.727,54177
2024-09-30,182.727,183.636,181.818,182,56726
2024-10-01,182,185.455,182,184.545,87030
2024-10-02,182.364,183.636,179.091,180.909,81633
2024-10-03,180.909,181.455,174.364,175.455,56793
2024-10-06,177.273,177.455,172,172.727,55988
2024-10-07,172.727,174.909,171.636,174.545,63680
2024-10-08,176,176,171.636,172.545,46370
2024-10-09,172.545,175.455,171.273,172.727,38974
2024-10-10,172.182,174.545,171.273,174.182,58338
2024-10-13,175.455,180,173.273,180,56926
2024-10-14,180.545,183.636,176.909,177.818,93201
2024-10-15,177.818,180.727,177.273,178.182,39754
2024-10-16,177.273,180.909,177.273,177.636,75170
2024-10-17,177.818,178.909,172.909,172.909,45516
2024-10-20,176.364,176.545,170,170.545,2787489
2024-10-21,174.182,174.182,169.091,170,124558
2024-10-22,171.273,171.273,163.091,164.545,151517
2024-10-23,165.455,166,158.727,159.455,135852
2024-10-24,159.636,161.455,154.182,154.727,449742
2024-10-27,156.909,157.273,153.091,155.455,196600
2024-10-28,157.091,163.636,156.364,162.182,327561
2024-10-29,161.273,162.545,156.545,157.273,163255
2024-10-30,158,159.455,155.091,159.091,140907
2024-10-31,158.545,161.636,157.273,159.818,139719
2024-11-03,159.091,159.091,156.545,156.727,98084
2024-11-04,157.273,157.818,152.909,153.818,144706
2024-11-05,153.455,155.273,152,154.545,81854
2024-11-06,154.727,156.909,153.636,156.364,115469
2024-11-07,157.818,157.818,152.727,154.182,133576
2024-11-10,152.727,152.727,145.455,149.818,117071
2024-11-11,149.818,150,145.636,149.636,99354
2024-11-12,149.455,150.182,145.455,148,150819
2024-11-13,148,148.182,145.455,146.909,53984
2024-11-14,146.909,148.182,142.909,142.909,144936
2024-11-17,142.909,142.909,137.455,139.273,117222
2024-11-18,140.909,141.818,138,141.273,90558
2024-11-19,140.364,143.091,139.091,139.091,89308
2024-11-20,139.455,141.273,138.182,139.091,81240
2024-11-21,139.091,140.182,134.545,138.545,189754
2024-11-24,140.909,152.364,140,152.364,311324
2024-11-25,156.364,158,149.273,151.636,409059
2024-11-26,151.636,159.455,149.636,151.455,322904
2024-11-27,151.818,151.818,143.091,145.818,262381
2024-11-28,144.909,150.545,143.818,146.364,165750
2024-12-01,150.727,150.727,145.818,147.273,61515
2024-12-02,147.818,147.818,143.273,144.182,123093
2024-12-03,144.364,147.636,143.273,144.545,169470
2024-12-04,145.273,149.091,142.727,148.727,161372
2024-12-05,148.727,150.727,146.909,147.273,100080
2024-12-08,148,149.818,145.818,146,99681
2024-12-09,147.273,147.273,144.182,144.545,144192
2024-12-10,144.545,145.636,143.636,145.273,130935
2024-12-11,145.273,146.364,143.091,144.364,130500
2024-12-12,145.091,147.091,144,145.091,229158
2024-12-15,145.455,145.455,142.545,142.727,133914
2024-12-16,142.727,143.273,139.273,140,168746
2024-12-17,139.273,144.727,138.182,144.545,236014
2024-12-18,144.909,154.727,144.545,148.364,566213
2024-12-19,146.909,148.182,142.182,142.182,510516
2024-12-22,143.818,149.091,143.455,146,425380
2024-12-23,146.364,146.727,142.909,144,161214
2024-12-24,144,151,144,147,236725
2024-12-25,150,150,145.6,146,81149
2024-12-26,149,151,147,147,274096
2024-12-29,147.8,148.4,146.6,147.2,81431
2024-12-30,148.6,148.6,145,146,149026
2024-12-31,147.4,147.4,144.2,145.2,146142
2025-01-01,145.6,147.2,145.6,146.2,80089
2025-01-02,148.2,151.4,147.8,150,529413
2025-01-05,150.8,151,147.8,148.8,264481
2025-01-06,149.2,156,147.4,155,469783
2025-01-07,154.4,155.4,152.2,153.2,224486
2025-01-08,153,157.8,152.8,155.8,350443
2025-01-09,156,156,152.8,153.4,155411
2025-01-12,153.4,158.8,153.2,155,250490
2025-01-13,155,155.4,153.6,154.2,76263
2025-01-14,154.2,156.4,153.6,155.6,134638
2025-01-15,155,155.4,152.4,153,236919
2025-01-16,153.2,154,151.6,152.6,105740
2025-01-19,153,156.4,152.8,154.2,227269
2025-01-20,154.4,156.2,153.8,154.4,130847
2025-01-21,154.4,154.6,152.8,153.2,151879
2025-01-22,153.2,154,152.6,153.6,118310
2025-01-23,153.6,153.8,151,152,132452
2025-01-26,152.2,153.6,152,153,68792
2025-01-27,153,155,151.6,151.6,158590
2025-01-28,151.6,154.2,151.2,153.6,135370
2025-01-29,153.2,153.6,151.8,152.6,71577
2025-01-30,152.8,154.4,152.2,153.6,104863
2025-02-02,153.8,154.8,153.6,154.2,142907
2025-02-03,153.8,153.8,151.6,151.8,134370
2025-02-04,152.6,152.6,151.6,152.4,104574
2025-02-05,152.2,152.6,150.8,151,182645
2025-02-06,151,151.4,150,151.2,115103
2025-02-09,151.4,151.6,150.2,150.6,96528
2025-02-10,150.4,150.8,149,149,179084
2025-02-11,149.2,151.4,148.6,150,152845
2025-02-12,150,150,147,147.4,150551
2025-02-13,147.8,149.2,147,148.6,107648
2025-02-16,148.6,149.2,147.2,147.6,88983
2025-02-17,147.4,148.4,146.4,148,77938
2025-02-18,147.6,150.8,147.2,150.8,132539
2025-02-19,151.2,152.4,148,149.8,117209
2025-02-20,148.6,149.6,147.8,149,39552
2025-02-24,149,149.2,147,148,53510
2025-02-25,148,148.2,146.4,148,49530
2025-02-26,148,148.2,146.8,147.6,42647
2025-02-27,147.4,147.8,146.4,146.8,76211
2025-03-02,146.8,147.2,144.8,145.4,63641
2025-03-03,145.4,145.6,143,144.6,75291
2025-03-04,145,147,141,146.8,124446
2025-03-05,146.4,146.4,142.8,146,73998
2025-03-06,145,145,140,142.6,101331
2025-03-09,141.6,142.2,138,141,112312
2025-03-10,136.2,139,136.2,136.8,67566
2025-03-11,136,136,128.4,129.8,405935
2025-03-12,130,130,125.6,126,275042
2025-03-13,126,128,124.8,127.2,444265
2025-03-16,127.2,128.4,125.2,125.8,302034
2025-03-17,126.6,127.2,124.2,125.2,218568
2025-03-18,126.6,129.4,126.2,126.4,412997
2025-03-19,126.8,128.4,124.2,127,173049
2025-03-20,127.2,132.4,126.8,130.6,280099
2025-03-23,132.8,132.8,128,128.2,119075
2025-03-24,128.2,128.8,126.2,127.2,120542
2025-03-25,127.2,128.6,125.4,127,86055
2025-03-26,128.8,132.6,127.8,132.6,149355
2025-03-27,133,135.6,131.6,133.6,227693
2025-04-06,120.4,124.6,120.4,120.4,294697
2025-04-07,119.6,119.6,111.2,115.6,511008
2025-04-08,116,118.8,115.6,116,239120
2025-04-09,115.2,116.4,111.8,113.2,208242
2025-04-10,118.8,119,115.6,116,428030
2025-04-13,117,119,116,117.8,314659
2025-04-14,118.2,123.2,116.4,120.8,328872
2025-04-15,121,122.6,119.8,120.6,140233
2025-04-16,121,129.2,119,123.8,458363
2025-04-17,123.4,123.4,118.6,118.6,307796
2025-04-20,119.2,121,118.2,118.6,90460
2025-04-21,118.2,120.8,117.4,118.2,125138
2025-04-22,118,119.4,116.2,117.4,99051
2025-04-23,119,120,117.8,118.4,63548
2025-04-24,118.8,119.8,117.6,118.2,114342
2025-04-27,118.6,119,117.6,118.6,62124
2025-04-28,118.6,121.2,117.2,119.4,191814
2025-04-29,125,131.2,123.6,131.2,1447001
2025-04-30,134.8,136.4,131,131.8,976435
2025-05-01,132,132,126.6,129.8,323473
2025-05-04,134.2,135.2,130.6,132,373781
2025-05-05,132,133,128.4,132,193414
2025-05-06,133,134.2,130.6,130.8,176510
2025-05-07,129.8,130.6,127.4,128.6,109002
2025-05-08,128.8,136.2,128.2,133,544670
2025-05-11,133,133.4,130.4,132.6,143930
2025-05-12,132.8,135.2,131.6,134.8,198706
2025-05-13,134.2,135,129,129.8,420689
2025-05-14,130,138,130,136.4,749415
2025-05-15,122.8,127,122.8,125.2,1557702
2025-05-18,125.6,126,122.2,124.2,201818
2025-05-19,124.4,124.4,121,121.4,295887
2025-05-20,121.4,122.6,121.2,121.4,207982
2025-05-21,122,122,117.6,118,276744
2025-05-22,117,118.8,115.6,116,236786
2025-05-25,117,117,112.6,113.2,258824
2025-05-26,113.2,116,111.4,112,244375
2025-05-27,112.4,112.6,106.4,107.8,398630
2025-05-28,108.4,110,107.8,109,135034
2025-05-29,110,111.6,108.8,109.8,111909
2025-06-01,109.8,110,107.2,107.4,133265
2025-06-02,107.6,109,107,107.6,104545
2025-06-03,107.6,108,106,106.6,319965
2025-06-04,107,107.4,106.2,107.4,139401
2025-06-11,107.6,110,106.2,106.6,215992
2025-06-12,105,105,101,102,356789
2025-06-15,93.1,101.4,93.1,99.6,235224
2025-06-16,101.2,102,100.4,101,185666
2025-06-17,101,101.2,96.8,97.1,271976
2025-06-18,97.2,97.3,94.6,95.1,284066
2025-06-19,95.4,95.8,93.5,95.1,172582
2025-06-22,94.9,97,93.3,93.3,217685
2025-06-23,94.6,95.2,93.8,95,205271
2025-06-24,98.2,99.7,97,99,411680
2025-06-25,99.7,99.7,96.7,96.9,481177
2025-06-26,97.5,100.4,96.8,99.6,535916
2025-06-29,101.4,105.2,99.7,104,566713
2025-06-30,104.1,105,102,104,297797
2025-07-01,104,104.5,102.1,103.2,158677
2025-07-02,103,107,101.8,105.1,402320
2025-07-03,105.1,108.7,104.5,106.8,347440
2025-07-06,106.8,109,106.7,109,204141
2025-07-07,109.3,112.4,108.7,109.4,438629
2025-07-08,109.5,109.5,107,107,177805
2025-07-09,106.9,108.5,106,108,191642
2025-07-10,108.2,108.6,106.9,107.6,94745
2025-07-13,108.3,108.4,105.6,106,156771
2025-07-14,106,106.7,103.4,104.7,185449
2025-07-15,104.6,104.6,103.1,103.4,93961
2025-07-16,103,104,101,101.6,142884
2025-07-17,102,102.2,100,101.5,162664
2025-07-20,101.5,103,100.4,101.3,123487
2025-07-21,101.6,102.5,100.2,102.5,118746
2025-07-22,103,103,99.2,100.6,135695
2025-07-23,100.4,101.4,99.7,100.6,77122
2025-07-24,100.5,101.2,99.9,100.5,80690
2025-07-27,100.4,100.7,98.5,98.9,104370
2025-07-28,98.6,99.05,97.85,98.9,53519
2025-07-29,98.8,99.2,96.9,99.2,143434
2025-07-30,99,99,96.8,98,101909
2025-07-31,97.4,97.4,96.3,96.5,106693
2025-08-03,96.4,96.4,94.5,96.4,113446
2025-08-04,95.95,96,94.5,95.95,113030
2025-08-05,95.9,98,95.2,97.85,157667
2025-08-06,98,98.25,96,97.4,105714
2025-08-07,97.4,97.8,96.8,97.05,60433
2025-08-10,88.3,90.9,87.35,87.35,811514
2025-08-11,85,87.35,82.4,86.35,693528
2025-08-12,86.35,86.35,84.6,86.2,154081
2025-08-13,85.65,89.6,85.65,87,193629
2025-08-14,87,88.3,85.95,87.65,97361
2025-08-17,87.65,89.3,87.05,88.45,106564
2025-08-18,88.5,88.85,86.85,87.2,98921
2025-08-19,87.1,89.6,86.5,88.15,158102
2025-08-20,88.15,88.3,86.75,87.05,107324
2025-08-21,87.15,88,86.85,86.9,122810
2025-08-24,88.25,90.4,87.6,88.95,200830
2025-08-25,89,89.5,88.1,88.3,65664
2025-08-26,88.35,92.6,87.65,91.8,350719
2025-08-27,91.8,91.8,89.5,89.7,119042
2025-08-28,90.3,90.3,88,88,88194
2025-08-31,87.95,87.95,85.3,85.55,130450
2025-09-01,85.8,86.1,84.6,84.85,106024
2025-09-02,85,85,83.2,83.55,173687
2025-09-03,83.4,84,83.2,83.3,95639
2025-09-04,83.6,86.1,83.45,84.45,339842
2025-09-07,84.45,84.7,82.3,82.3,232579
2025-09-08,82.25,82.45,80.35,80.65,230510
2025-09-09,80,82.7,80,82.4,258402
2025-09-10,82,82.2,80.7,81.8,64351
2025-09-11,81.35,81.95,80.25,80.55,87166
2025-09-14,80.55,81.8,79.7,81.5,324028
2025-09-15,82.95,84.75,81.6,84.4,419815
2025-09-16,84.4,87.45,84.25,86.2,311122
2025-09-17,86.2,87.4,85.3,85.95,157656
2025-09-18,86.95,89,86,87.7,442566
2025-09-21,87.5,94.95,87.45,92.95,439551
2025-09-22,92.95,93.4,90.7,92.5,198236
2025-09-24,93.3,95.35,92,93.6,358436
2025-09-25,94.05,94.4,92.05,94.2,221457
2025-09-28,94.2,101.9,94,99.85,588164
2025-09-29,100.5,101.9,97.7,98.85,321769
2025-09-30,98.85,101,98,100.7,375938
2025-10-01,100.7,101.8,98.75,99.8,172839
2025-10-02,100,104.2,99.85,103.2,527841
2025-10-05,103.3,108.6,103.3,107.3,607128
2025-10-06,107.6,111.7,107,109.5,919350
2025-10-07,109.5,109.9,107.1,108.4,622423
2025-10-08,108.2,110.5,107.1,109,501645
2025-10-09,108.7,109,107,108.4,245850
2025-10-12,106.2,109.6,105.2,108.3,307439
2025-10-13,108.3,109.4,107.2,107.6,154019
2025-10-14,107.8,108.7,105.5,107.7,191484
2025-10-15,108,108.5,105.7,106.6,139100
2025-10-16,106.6,107,103.7,103.9,133192
2025-10-19,104,107.4,104,106,150992
2025-10-20,107.1,107.9,104.6,106.2,165700
2025-10-21,106.4,108.4,105.2,108.1,333659
2025-10-22,108.4,109.2,106.1,106.2,247294
2025-10-23,106.2,106.6,104,105.2,128799
2025-10-26,105.2,107.7,104.6,106.4,148912
2025-10-27,107,108.3,106.3,108.3,213867
2025-10-28,108.3,108.7,106.5,106.6,208542
2025-10-29,106.7,117.2,106.5,117.1,1524879
2025-10-30,116.5,119.5,115.7,118.6,776592
2025-11-02,119.5,123.9,118.9,123.3,681227
2025-11-03,123.5,124.5,121.6,123,294894
2025-11-04,122,122.8,118.1,119.3,173938
2025-11-05,118.4,118.8,114.4,114.5,230065
2025-11-06,113.4,116.1,113.4,115,212685
2025-11-09,115.2,115.2,108,110,265689
2025-11-10,110,110.6,107.1,107.3,146997
2025-11-11,104.1,107,102.3,104.4,435458
2025-11-12,97.4,105.5,96,104,681630
2025-11-13,104.3,109.4,104.1,107.1,574300
2025-11-16,107,108.4,105.2,107,173987
2025-11-17,106.4,106.9,102.3,104.8,332700
2025-11-18,104.8,108.6,103.6,107.4,283975
2025-11-19,107.1,114,107,112.5,398430
2025-11-20,112.9,117.1,111.8,115.3,323691
2025-11-23,116,119.7,115.3,118.6,304490
2025-11-24,118.9,119.8,115,119.4,514907
2025-11-25,118,118.2,114.5,117.7,201002
2025-11-26,116.3,118.4,116.3,118,146339
2025-11-27,118,119.4,117.2,117.8,177141
2025-11-30,117.6,118.8,115.2,118,182142
2025-12-01,116.3,119.6,116.2,119.5,269959
2025-12-02,119.5,120.6,115.8,117.5,197126
2025-12-03,117.5,118.4,116.3,118.3,445692
2025-12-04,118,118.7,117,117.5,98732
2025-12-07,117,117,115,116.3,76148
2025-12-08,116,117,115,116.2,106056
2025-12-09,116.3,121.5,115.5,120,511186
2025-12-10,120.6,127.8,120.4,125.8,459330
2025-12-11,125.8,127.4,124.3,127.3,223975
2025-12-14,127.3,128.3,124.5,126.8,261585
2025-12-15,126,128.3,124.8,126.8,281332
2025-12-16,126.3,128,122.4,123.7,512766
2025-12-17,122.1,124.3,120.8,121.1,323255
2025-12-18,120,121.6,117,120.3,332958
2025-12-21,122.6,123.5,120,120.5,76645
2025-12-22,120.5,122.2,119,121.3,93852
2025-12-23,119.7,121.8,119.7,121.2,38658
2025-12-24,121.2,121.9,117.8,117.9,62117
2025-12-25,118.2,119.9,115.2,116.3,68587
2025-12-28,115,115.8,112.8,115,84862
2025-12-29,115.8,115.8,113.1,114.3,113009
2025-12-30,114,114.4,110.4,112.7,299239
2025-12-31,112.9,116,112.9,115.6,112847
2026-01-01,116.7,117.3,115,116,181200
2026-01-04,116,116,113.2,114,174655
2026-01-05,113.6,114.2,111.5,111.7,224136
2026-01-06,111.7,113.3,110.2,112,195696
2026-01-07,113.5,122.6,112.4,119.9,568554
2026-01-08,121,121,115.1,115.1,152589
2026-01-11,114.5,118.1,114.5,117.1,76808
2026-01-12,117.1,120.9,116.5,119.7,130205
2026-01-13,119.7,126.1,118.5,126,281403
2026-01-14,126.1,127.4,122.4,123,166121
2026-01-15,122.5,123.3,121.3,121.4,76587
2026-01-18,121.4,126.3,121.4,126,144513
2026-01-19,127,131.6,126.3,127.4,333785
2026-01-20,127.1,127.3,123.2,123.2,189205
2026-01-21,123.3,129.4,123,127.9,230676
2026-01-22,127.2,128.5,125.6,127.7,108113
2026-01-25,125.8,130.8,125.8,130.7,190401
2026-01-26,130.5,130.5,128.2,128.8,107929
2026-01-27,128.8,130.9,127.8,128.3,99642
2026-01-28,128.3,129.6,126.5,127.6,75901
2026-01-29,127.6,127.9,123.2,123.7,112670
2026-02-01,123.7,124.9,117.9,119.3,146059
2026-02-02,118.5,121,117.3,120.2,53909
2026-02-03,120.5,127,120.5,126.2,200547
2026-02-04,127.6,127.6,123.5,124,72296
2026-02-05,124.9,124.9,121.5,121.5,42189
2026-02-08,122,126,121.5,121.5,137553
2026-02-09,123,124.5,121.1,122,57009
2026-02-10,122,123.6,121.3,121.7,40492
2026-02-11,122.1,123.8,121.9,122.9,34854
2026-02-12,122.5,122.8,121.6,121.9,24304
2026-02-15,122.2,125.5,122.2,123.9,109522
2026-02-16,123.9,123.9,120.5,121.5,58872
2026-02-17,121.5,121.5,116.5,116.5,80400
2026-02-18,116.5,118.4,115.6,117.4,54270
2026-02-19,117.8,117.8,110.9,113.5,119747
2026-02-23,113.8,117.5,113.8,114.9,99519
2026-02-24,114.9,114.9,106.3,107,161591
2026-02-25,108,108,103.9,104.6,145612
2026-02-26,104.6,106.2,104.1,105,61484
2026-03-01,100,104.6,99,104.6,129789
2026-03-02,104.6,110.5,103.2,109,171288
2026-03-03,108.4,110.1,106,106.4,115126
2026-03-04,106.2,112.8,106.2,111,83331
2026-03-05,112.5,113.6,110.4,112.2,66337
2026-03-08,113.8,116.2,112.4,113.4,118481
2026-03-09,112.4,113.3,110,110.8,103572
2026-03-10,109.5,112,109,111.6,108492
2026-03-11,111.6,112.9,110.5,110.7,48001
2026-03-12,110.1,112,110,111.1,54467
2026-03-15,111.1,111.5,108.5,109.5,23688
2026-03-16,110.3,110.9,109,110.9,19131
2026-03-24,110.8,112.6,108.5,112.6,50620
2026-03-25,110.6,116.2,110.6,115.5,115505
2026-03-26,114.7,116.2,113.6,115.7,86651
2026-03-29,115.1,122,114.7,120.3,187588
2026-03-30,121.9,122.5,119.8,121.8,113537
2026-03-31,127,129.7,121.8,121.8,570431
2026-04-01,121.6,123.9,120.5,121.4,171667
2026-04-02,121,121.7,117.8,117.9,109323
2026-04-05,118,120.7,115.9,118.1,136191
2026-04-06,117.5,120.9,117.5,118.5,106814
2026-04-07,118.5,118.5,112.6,113.4,166366
2026-04-08,116,118.4,114.5,117,163856
2026-04-09,116.7,116.7,115,115.6,64743
2026-04-12,115.5,117,114.5,114.7,72693
2026-04-13,114.1,114.4,112.6,113.5,83067
2026-04-14,113.1,118.3,113.1,117,165489
2026-04-15,117.6,118.1,116.1,116.1,88136
2026-04-16,116.3,116.4,114.6,115.6,82993
2026-04-19,115.6,116.7,114.2,115.2,79725
2026-04-20,115.2,115.2,113.7,113.8,48436
2026-04-21,113.9,114.9,113.4,113.4,51378
2026-04-22,113.6,113.6,109.6,109.8,102359
2026-04-23,109.8,112.8,108,112.3,110558
2026-04-26,112.3,112.4,109.9,110.8,67422
2026-04-27,111.1,111.1,109.4,109.7,68964
2026-04-28,110,110.1,108.7,108.9,78935
2026-04-29,109,109.5,108,109,103444
2026-04-30,109,109,107.4,108.7,87071
2026-05-03,108.5,109.9,106.7,107.2,107842
2026-05-04,107.2,107.5,103.8,105.3,134872
2026-05-05,105.5,105.5,103.8,104.1,62448
2026-05-06,104.2,108.7,104.2,106,163182
2026-05-07,106.1,106.2,104.6,105.3,77431
2026-05-10,106.9,107.5,104.9,105.2,99243
2026-05-11,105.2,105.3,104,104.7,136486
2026-05-12,99,101.4,96.55,98.3,413325
2026-05-13,100.3,100.3,96.1,96.85,161913
2026-05-14,97.2,98.9,95.05,95.35,95056
2026-05-17,95,96,92.9,94,63719
2026-05-18,94,94.3,91.8,92.2,105696
2026-05-19,93,95.4,92,93.5,91599
2026-05-20,93.55,94.65,92.8,93.6,42265
2026-05-21,92.9,93.6,92.8,93.55,51149
2026-05-31,94,96.85,93.9,95.5,58465
2026-06-01,97,97,94.45,94.45,68656
2026-06-02,94.9,94.9,92.05,93.5,172260
2026-06-03,93.5,94.05,92.75,94,80121
2026-06-04,94,97.5,94,94.5,208031
2026-06-07,93.8,94,92.5,93.5,51820
2026-06-08,95,95,92.4,93.3,59119
2026-06-09,96,97.7,94.45,96.45,497369
2026-06-10,96.5,97.05,94.35,94.5,149543
2026-06-11,94.5,94.65,93.5,94.45,59630
2026-06-14,94.6,97,94.6,95.2,146362
2026-06-15,96,98.6,95.5,96.7,185250
2026-06-16,96.4,96.9,95.3,96,69256
2026-06-17,95.5,95.5,93.45,93.7,81580
2026-06-18,94,94.25,92.95,94.25,66039
2026-06-21,94.35,95.6,94.2,94.25,76139
2026-06-22,94.4,94.45,93.05,93.25,46866
2026-06-23,93.2,93.25,92,92.85,79309
2026-06-24,92.65,93,91.75,92.8,86775
2026-06-25,92.65,92.65,91.7,91.75,40587
2026-06-28,91.7,92.45,90.75,90.95,44326
2026-06-29,90.95,91.5,89,89.8,53861
2026-06-30,89.8,93,89.5,90.2,120544
2026-07-01,90.45,91.35,89.95,90.7,66612
2026-07-02,90.5,90.6,89.8,89.8,29117
2026-07-05,90.8,91,89.3,89.7,46515
2026-07-06,89.2,90.45,88.3,89.15,59992
2026-07-07,89.15,89.55,88.1,88.9,52157
2026-07-08,88.9,88.9,86.9,87.45,52201
2026-07-09,86.9,87.2,86,86,55814
2026-07-12,86.05,87.2,85.45,87.15,44835
2026-07-13,87.15,90.9,86.2,88.8,174311
2026-07-14,88.85,88.9,86.6,88,82694
2026-07-15,88,89.55,87.45,88.5,83928
2026-07-16,88.5,88.65,87.05,88.65,57690
2026-07-19,88,88,86.4,87.05,38432
2026-07-20,87.05,87.05,84.8,85.5,74677
2026-07-21,84.55,89.4,84.55,85.65,127653
2026-07-22,85.65,85.65,84.6,84.6,43640
2026-07-23,84.5,84.6,83.5,83.9,76555
2026-07-26,83.85,83.85,82.3,82.7,61016
2026-07-27,82.2,83.25,82.2,82.7,38432
2026-07-28,82.5,83,81.6,82.15,49114
2026-07-29,82.15,82.7,81.05,81.45,72657
2026-07-30,80.4,81.1,79.8,80.15,92801
2026-08-02,80,81.75,80,81,67520
2026-08-03,81.7,83.1,80.75,81.9,164688
2026-08-04,82.05,83,81.1,82.4,123193
2026-08-05,82.4,82.65,81.4,81.8,78760
2026-08-06,81.8,81.85,80.05,81.85,94974
2026-08-09,75.2,77,73.7,73.7,505867
2026-08-10,69.9,71.35,68.5,70.5,449643
2026-08-11,70.5,70.6,67.5,67.65,330239
2026-08-12,67.85,68.25,66.15,66.5,266629
2026-08-13,66.5,67.25,64.95,64.95,279682
2026-08-16,65.4,66.6,64.85,65.6,255111
2026-08-17,65.9,68.45,64.45,64.45,310753
2026-08-18,64.2,65.25,63,64.9,380560
2026-08-19,64.9,65.15,63.6,63.9,136805
2026-08-20,63.75,64.75,63.45,63.5,360294
2026-08-23,63.7,66.8,63.55,65.05,497977
2026-08-24,65.05,66.25,64.55,64.8,289302
2026-08-25,65,65.7,64.25,64.3,230734
2026-08-26,64.4,65.25,63.9,64.9,223995
2026-08-27,65.25,65.25,64.2,64.2,149235
2026-08-30,63.85,64.45,63.65,63.75,179008
2026-08-31,63.75,63.85,61.75,61.75,278371
2026-09-01,61.75,63.7,61.1,63.3,609726
2026-09-02,63.3,63.7,62.5,62.85,362934
2026-09-03,63.15,63.15,61.6,61.9,316603
2026-09-06,61.85,62.55,61.65,62.3,203674
2026-09-07,62.3,62.3,60.8,61,217281
2026-09-08,60.7,60.75,59.85,60.4,192363
2026-09-09,60.4,60.55,59.5,60,181392
2026-09-10,60,61.55,59.8,61.3,416179
2026-09-13,61.1,61.1,58.3,58.3,402424
2026-09-14,58,58.7,56.9,56.9,303076
2026-09-15,56.95,57.1,54.6,54.8,367208
2026-09-16,54.75,55.5,54,54,288904
2026-09-17,54.3,54.9,53.6,53.85,416851
2026-09-20,54,54.05,52,52.7,167819
2026-09-21,52.85,52.95,49.7,50,634059
