strategy_id,strategy,family,timeframe,ticker,stock_name,sector,window,costs_bps,entry_time,exit_time,holding_days,side,entry,exit,qty,pnl,gross_pnl,fees,reason
1923,RoNz Rapid-Fire,trend,4h,4019,اس ام سي للرعاية الصحية,الرعاية الصحية,test,17.825/20,2026-01-08 14:00:00,2026-02-05 10:00:00,27.833333333333332,long,18.3366,20.52886,5790,12292.067618614508,12693.185400000006,401.1177813855,signal
1923,RoNz Rapid-Fire,trend,4h,4019,اس ام سي للرعاية الصحية,الرعاية الصحية,test,17.825/20,2026-02-15 14:00:00,2026-02-16 10:00:00,0.8333333333333334,long,20.60112,20.3093,5750,-2097.2712359874868,-1677.964999999987,419.3062359875,signal
1923,RoNz Rapid-Fire,trend,4h,4019,اس ام سي للرعاية الصحية,الرعاية الصحية,test,17.825/20,2026-03-05 10:00:00,2026-03-09 10:00:00,4.0,long,18.7875,19.6606,6194,4983.483425279484,5407.981399999983,424.4979747205,signal
1923,RoNz Rapid-Fire,trend,4h,4019,اس ام سي للرعاية الصحية,الرعاية الصحية,test,17.825/20,2026-03-30 14:00:00,2026-04-05 14:00:00,6.0,long,18.4869,18.58276,6564,195.4977850122121,629.2250400000121,433.7272549878,signal
1923,RoNz Rapid-Fire,trend,4h,4019,اس ام سي للرعاية الصحية,الرعاية الصحية,test,17.825/20,2026-04-12 14:00:00,2026-04-20 14:00:00,8.0,long,18.456840000000003,19.20152,6586,4462.370468153769,4904.462479999969,442.0920118462,signal
1923,RoNz Rapid-Fire,trend,4h,4019,اس ام سي للرعاية الصحية,الرعاية الصحية,test,17.825/20,2026-06-03 10:00:00,2026-06-04 10:00:00,1.0,long,17.1342,17.04584,7354,-1097.8486652402114,-649.7994400000114,448.0492252402,signal
1923,RoNz Rapid-Fire,trend,4h,4019,اس ام سي للرعاية الصحية,الرعاية الصحية,test,17.825/20,2026-06-15 14:00:00,2026-06-21 14:00:00,6.0,long,17.204340000000002,17.075779999999998,7261,-1377.1525832279276,-933.4741600000276,443.6784232279,signal
1923,RoNz Rapid-Fire,trend,4h,4019,اس ام سي للرعاية الصحية,الرعاية الصحية,test,17.825/20,2026-06-25 10:00:00,2026-06-28 10:00:00,3.0,long,17.01396,16.74644,7261,-2379.414546293008,-1942.462720000008,436.951826293,signal
1923,RoNz Rapid-Fire,trend,4h,4019,اس ام سي للرعاية الصحية,الرعاية الصحية,test,17.825/20,2026-08-03 14:00:00,2026-08-06 10:00:00,2.8333333333333335,long,15.40074,15.55882,7867,809.4716946881001,1243.61536,434.1436653119,signal
1923,RoNz Rapid-Fire,trend,4h,4019,اس ام سي للرعاية الصحية,الرعاية الصحية,test,17.825/20,2026-08-11 14:00:00,2026-08-27 10:00:00,15.833333333333334,long,15.5811,16.14764,7828,3992.151001996586,4434.875119999985,442.7241180034,signal
1923,RoNz Rapid-Fire,trend,4h,4019,اس ام سي للرعاية الصحية,الرعاية الصحية,test,17.825/20,2026-08-31 14:00:00,2026-09-03 10:00:00,2.8333333333333335,long,16.292520000000003,16.726480000000002,7731,2899.9261828574927,3354.9447599999926,455.0185771425,signal
