Date,Time,Open,High,Low,Close,Volume
2024-09-02,10:00:00,9.17,9.29,9.17,9.21,6611272
2024-09-02,14:00:00,9.21,9.23,9.18,9.2,1091202
2024-09-03,10:00:00,9.2,9.22,9.14,9.14,3528162
2024-09-03,14:00:00,9.14,9.17,9.09,9.13,1394714
2024-09-04,10:00:00,9.01,9.05,8.89,8.99,6049100
2024-09-04,14:00:00,9.0,9.0,8.98,8.99,858242
2024-09-05,10:00:00,9.01,9.19,8.94,9.08,8134341
2024-09-05,14:00:00,9.09,9.16,9.05,9.08,2031221
2024-09-08,10:00:00,9.03,9.05,8.93,8.97,3484586
2024-09-08,14:00:00,8.97,9.01,8.94,8.96,876352
2024-09-09,10:00:00,9.0,9.0,8.96,8.97,2771965
2024-09-09,14:00:00,8.98,8.99,8.96,8.96,707273
2024-09-10,10:00:00,9.0,9.09,9.0,9.01,4064371
2024-09-10,14:00:00,9.0,9.02,8.98,8.98,972029
2024-09-11,10:00:00,9.02,9.02,8.81,8.84,3454561
2024-09-11,14:00:00,8.83,8.86,8.81,8.82,721050
2024-09-12,10:00:00,8.86,8.92,8.83,8.92,2848060
2024-09-12,14:00:00,8.91,8.96,8.89,8.91,1264725
2024-09-15,10:00:00,8.94,9.04,8.92,8.98,3117984
2024-09-15,14:00:00,8.98,9.0,8.97,8.97,567150
2024-09-16,10:00:00,8.98,8.99,8.84,8.87,2895331
2024-09-16,14:00:00,8.87,8.89,8.85,8.85,530096
2024-09-17,10:00:00,8.85,8.89,8.82,8.86,1775699
2024-09-17,14:00:00,8.85,8.87,8.84,8.86,578233
2024-09-18,10:00:00,8.85,9.08,8.84,9.01,5203095
2024-09-18,14:00:00,9.01,9.03,8.97,8.99,793430
2024-09-19,10:00:00,9.0,9.02,8.93,9.0,2360397
2024-09-19,14:00:00,9.0,9.14,8.97,9.05,3049323
2024-09-22,10:00:00,9.07,9.11,9.01,9.04,2842942
2024-09-22,14:00:00,9.03,9.06,9.01,9.04,742359
2024-09-24,10:00:00,9.04,9.06,8.98,8.99,2641383
2024-09-24,14:00:00,9.0,9.01,8.97,9.0,705809
2024-09-25,10:00:00,9.0,9.01,8.94,8.97,2176371
2024-09-25,14:00:00,8.97,8.99,8.95,8.97,612040
2024-09-26,10:00:00,8.99,9.02,8.93,8.99,2810073
2024-09-26,14:00:00,8.98,9.0,8.96,8.98,680027
2024-09-29,10:00:00,8.99,9.0,8.85,8.89,3348068
2024-09-29,14:00:00,8.89,8.9,8.85,8.88,1057432
2024-09-30,10:00:00,8.87,8.93,8.86,8.87,2781314
2024-09-30,14:00:00,8.86,8.88,8.84,8.86,1055227
2024-10-01,10:00:00,8.86,8.88,8.82,8.83,2256228
2024-10-01,14:00:00,8.83,8.85,8.82,8.85,781684
2024-10-02,10:00:00,8.79,8.79,8.5,8.56,4553651
2024-10-02,14:00:00,8.55,8.58,8.53,8.54,899716
2024-10-03,10:00:00,8.53,8.63,8.52,8.54,4167906
2024-10-03,14:00:00,8.53,8.55,8.51,8.54,1058762
2024-10-06,10:00:00,8.53,8.54,8.2,8.28,4827524
2024-10-06,14:00:00,8.28,8.3,8.1,8.13,1428596
2024-10-07,10:00:00,8.1,8.24,8.04,8.19,4565228
2024-10-07,14:00:00,8.2,8.2,8.17,8.18,421694
2024-10-08,10:00:00,8.18,8.18,8.0,8.05,4498269
2024-10-08,14:00:00,8.04,8.07,8.02,8.05,1440349
2024-10-09,10:00:00,8.06,8.13,8.0,8.02,4124911
2024-10-09,14:00:00,8.03,8.07,7.97,8.06,1756777
2024-10-10,10:00:00,8.08,8.23,8.06,8.19,4840368
2024-10-10,14:00:00,8.19,8.22,8.17,8.21,580158
2024-10-13,10:00:00,8.39,8.4,8.23,8.27,2234211
2024-10-13,14:00:00,8.27,8.29,8.25,8.28,729549
2024-10-14,10:00:00,8.29,8.35,8.18,8.27,3288880
2024-10-14,14:00:00,8.26,8.27,8.21,8.22,657048
2024-10-15,10:00:00,8.22,8.26,8.19,8.24,2337641
2024-10-15,14:00:00,8.24,8.36,8.23,8.3,1740650
2024-10-16,10:00:00,8.29,8.31,8.24,8.27,1825943
2024-10-16,14:00:00,8.28,8.28,8.23,8.24,654234
2024-10-17,10:00:00,8.24,8.25,8.14,8.15,1508779
2024-10-17,14:00:00,8.17,8.18,8.13,8.14,933856
2024-10-20,10:00:00,8.12,8.14,8.03,8.07,3569322
2024-10-20,14:00:00,8.07,8.08,8.04,8.06,503338
2024-10-21,10:00:00,8.06,8.1,8.04,8.1,2159857
2024-10-21,14:00:00,8.09,8.13,8.08,8.13,637839
2024-10-22,10:00:00,8.13,8.13,8.09,8.1,1517697
2024-10-22,14:00:00,8.1,8.11,8.04,8.07,545642
2024-10-23,10:00:00,8.03,8.06,8.0,8.03,1441731
2024-10-23,14:00:00,8.03,8.05,8.03,8.03,195074
2024-10-24,10:00:00,8.0,8.04,7.97,7.99,1386933
2024-10-24,14:00:00,7.99,8.01,7.98,7.99,285960
2024-10-27,10:00:00,8.09,8.49,8.07,8.41,5240446
2024-10-27,14:00:00,8.42,8.7,8.38,8.57,8270415
2024-10-28,10:00:00,8.56,8.58,8.37,8.39,5088363
2024-10-28,14:00:00,8.39,8.4,8.31,8.31,941343
2024-10-29,10:00:00,8.3,8.3,8.15,8.2,3046828
2024-10-29,14:00:00,8.21,8.21,8.17,8.18,586901
2024-10-30,10:00:00,8.18,8.39,8.17,8.29,4477534
2024-10-30,14:00:00,8.29,8.29,8.22,8.23,975736
2024-10-31,10:00:00,8.23,8.27,8.18,8.19,2140010
2024-10-31,14:00:00,8.19,8.23,8.18,8.21,439685
2024-11-03,10:00:00,8.21,8.32,8.17,8.19,1572397
2024-11-03,14:00:00,8.19,8.21,8.14,8.14,477391
2024-11-04,10:00:00,8.11,8.15,8.06,8.11,1510472
2024-11-04,14:00:00,8.11,8.15,8.09,8.1,295664
2024-11-05,10:00:00,8.15,8.15,8.07,8.09,1440194
2024-11-05,14:00:00,8.09,8.11,8.08,8.08,405110
2024-11-06,10:00:00,8.14,8.21,8.12,8.17,2026381
2024-11-06,14:00:00,8.16,8.19,8.15,8.17,426700
2024-11-07,10:00:00,8.2,8.37,8.17,8.32,7726796
2024-11-07,14:00:00,8.31,8.34,8.28,8.31,1241827
2024-11-10,10:00:00,8.21,8.26,8.07,8.16,5771957
2024-11-10,14:00:00,8.16,8.2,8.12,8.14,1284103
2024-11-11,10:00:00,8.14,8.18,8.08,8.11,2536952
2024-11-11,14:00:00,8.11,8.14,8.1,8.11,803664
2024-11-12,10:00:00,8.13,8.16,8.08,8.09,1580249
2024-11-12,14:00:00,8.1,8.11,8.08,8.08,477980
2024-11-13,10:00:00,8.09,8.14,8.07,8.11,1414870
2024-11-13,14:00:00,8.1,8.11,8.08,8.09,317970
2024-11-14,10:00:00,8.1,8.11,8.07,8.08,1558844
2024-11-14,14:00:00,8.08,8.09,8.06,8.08,391705
2024-11-17,10:00:00,8.08,8.1,8.07,8.09,1713117
2024-11-17,14:00:00,8.08,8.1,8.08,8.08,343616
2024-11-18,10:00:00,8.08,8.1,8.06,8.07,1136201
2024-11-18,14:00:00,8.06,8.08,7.99,8.02,1123473
2024-11-19,10:00:00,8.03,8.11,8.03,8.04,1824475
2024-11-19,14:00:00,8.04,8.06,8.03,8.04,556497
2024-11-20,10:00:00,8.04,8.05,7.98,8.0,1997846
2024-11-20,14:00:00,8.0,8.01,7.98,7.99,675686
2024-11-21,10:00:00,8.0,8.02,7.84,7.88,2513825
2024-11-21,14:00:00,7.88,7.89,7.87,7.89,576032
2024-11-24,10:00:00,7.89,7.92,7.88,7.9,1428813
2024-11-24,14:00:00,7.89,7.9,7.89,7.9,276784
2024-11-25,10:00:00,7.9,7.9,7.81,7.83,1546031
2024-11-25,14:00:00,7.83,7.84,7.73,7.73,3384796
2024-11-26,10:00:00,7.78,7.79,7.7,7.72,1588642
2024-11-26,14:00:00,7.72,7.72,7.62,7.69,917962
2024-11-27,10:00:00,7.69,7.73,7.6,7.64,2779717
2024-11-27,14:00:00,7.63,7.65,7.61,7.63,432690
2024-11-28,10:00:00,7.63,7.65,7.58,7.64,2154197
2024-11-28,14:00:00,7.64,7.64,7.56,7.58,1287873
2024-12-01,10:00:00,7.7,8.22,7.67,8.01,11457279
2024-12-01,14:00:00,8.01,8.03,7.7,7.7,2347346
2024-12-02,10:00:00,7.74,8.09,7.74,7.8,5530360
2024-12-02,14:00:00,7.79,7.86,7.75,7.79,621374
2024-12-03,10:00:00,7.8,7.89,7.78,7.8,2505411
2024-12-03,14:00:00,7.8,7.82,7.8,7.82,711238
2024-12-04,10:00:00,7.82,7.88,7.79,7.8,2267476
2024-12-04,14:00:00,7.79,7.8,7.76,7.77,483546
2024-12-05,10:00:00,7.8,7.89,7.8,7.87,2183989
2024-12-05,14:00:00,7.87,7.87,7.84,7.87,256674
2024-12-08,10:00:00,7.89,7.94,7.87,7.91,1476647
2024-12-08,14:00:00,7.91,7.91,7.89,7.9,281564
2024-12-09,10:00:00,7.91,7.97,7.9,7.92,2293904
2024-12-09,14:00:00,7.91,7.92,7.9,7.91,450337
2024-12-10,10:00:00,7.94,7.94,7.85,7.86,1454165
2024-12-10,14:00:00,7.87,7.88,7.85,7.86,580753
2024-12-11,10:00:00,7.86,7.87,7.75,7.77,1509458
2024-12-11,14:00:00,7.76,7.77,7.75,7.77,379587
2024-12-12,10:00:00,7.77,7.81,7.67,7.69,1934566
2024-12-12,14:00:00,7.69,7.7,7.68,7.69,382295
2024-12-15,10:00:00,7.7,7.73,7.68,7.7,1078036
2024-12-15,14:00:00,7.7,7.7,7.69,7.69,155755
2024-12-16,10:00:00,7.69,7.72,7.67,7.69,1010194
2024-12-16,14:00:00,7.68,7.7,7.68,7.69,215545
2024-12-17,10:00:00,7.7,7.71,7.63,7.63,871103
2024-12-17,14:00:00,7.63,7.64,7.61,7.63,288945
2024-12-18,10:00:00,7.63,7.63,7.56,7.61,1342219
2024-12-18,14:00:00,7.61,7.65,7.6,7.65,312130
2024-12-19,10:00:00,7.61,7.64,7.56,7.6,1364821
2024-12-19,14:00:00,7.6,7.61,7.58,7.59,541345
2024-12-22,10:00:00,7.59,7.62,7.58,7.58,1024500
2024-12-22,14:00:00,7.58,7.6,7.55,7.6,467864
2024-12-23,10:00:00,7.59,7.6,7.52,7.55,1200384
2024-12-23,14:00:00,7.54,7.56,7.54,7.56,370786
2024-12-24,10:00:00,7.53,7.56,7.5,7.55,940391
2024-12-24,14:00:00,7.56,7.57,7.52,7.54,343786
2024-12-25,10:00:00,7.53,7.55,7.51,7.55,702840
2024-12-25,14:00:00,7.55,7.55,7.54,7.54,246528
2024-12-26,10:00:00,7.55,7.58,7.53,7.55,923801
2024-12-26,14:00:00,7.54,7.55,7.52,7.52,204490
2024-12-29,10:00:00,7.52,7.54,7.47,7.51,1255161
2024-12-29,14:00:00,7.5,7.51,7.49,7.5,248431
2024-12-30,10:00:00,7.55,7.56,7.49,7.55,1273330
2024-12-30,14:00:00,7.54,7.55,7.54,7.54,502742
2024-12-31,10:00:00,7.57,7.75,7.53,7.71,2801373
2024-12-31,14:00:00,7.71,7.72,7.66,7.66,927496
2025-01-01,10:00:00,7.67,7.69,7.58,7.62,1472388
2025-01-01,14:00:00,7.63,7.66,7.61,7.63,916487
2025-01-02,10:00:00,7.63,7.64,7.55,7.6,1676131
2025-01-02,14:00:00,7.59,7.62,7.57,7.57,733840
2025-01-05,10:00:00,7.57,7.59,7.56,7.57,913255
2025-01-05,14:00:00,7.58,7.58,7.56,7.57,416640
2025-01-06,10:00:00,7.58,7.59,7.5,7.54,1583652
2025-01-06,14:00:00,7.55,7.55,7.52,7.53,789976
2025-01-07,10:00:00,7.99,8.28,7.9,8.1,32544800
2025-01-07,14:00:00,8.09,8.11,7.98,8.05,3572205
2025-01-08,10:00:00,8.04,8.41,7.95,8.1,17018046
2025-01-08,14:00:00,8.09,8.1,7.98,7.99,3353440
2025-01-09,10:00:00,8.0,8.02,7.79,7.81,5708939
2025-01-09,14:00:00,7.81,7.83,7.76,7.79,1352316
2025-01-12,10:00:00,7.79,7.8,7.65,7.7,3209414
2025-01-12,14:00:00,7.71,7.73,7.68,7.71,493199
2025-01-13,10:00:00,7.71,7.77,7.71,7.74,2483096
2025-01-13,14:00:00,7.74,7.78,7.73,7.76,665932
2025-01-14,10:00:00,7.76,7.82,7.73,7.75,2135432
2025-01-14,14:00:00,7.75,7.78,7.74,7.77,489104
2025-01-15,10:00:00,7.77,7.84,7.72,7.74,1873763
2025-01-15,14:00:00,7.74,7.74,7.68,7.7,1063013
2025-01-16,10:00:00,7.7,7.72,7.67,7.71,2320667
2025-01-16,14:00:00,7.71,7.72,7.7,7.71,328373
2025-01-19,10:00:00,7.72,7.74,7.69,7.73,1880725
2025-01-19,14:00:00,7.73,7.74,7.71,7.72,606659
2025-01-20,10:00:00,7.73,7.81,7.72,7.73,2526133
2025-01-20,14:00:00,7.73,7.74,7.7,7.71,779329
2025-01-21,10:00:00,7.72,7.74,7.67,7.69,1863597
2025-01-21,14:00:00,7.69,7.7,7.68,7.7,279158
2025-01-22,10:00:00,7.71,7.73,7.68,7.69,1796704
2025-01-22,14:00:00,7.69,7.7,7.67,7.68,428492
2025-01-23,10:00:00,7.69,7.75,7.68,7.71,1915209
2025-01-23,14:00:00,7.7,7.72,7.69,7.71,202559
2025-01-26,10:00:00,7.72,7.84,7.7,7.75,2468759
2025-01-26,14:00:00,7.75,7.76,7.74,7.76,606527
2025-01-27,10:00:00,7.76,7.77,7.71,7.72,1403583
2025-01-27,14:00:00,7.72,7.72,7.7,7.71,467047
2025-01-28,10:00:00,7.71,7.74,7.69,7.73,1716558
2025-01-28,14:00:00,7.74,7.75,7.71,7.72,891946
2025-01-29,10:00:00,7.72,7.73,7.66,7.66,1365454
2025-01-29,14:00:00,7.66,7.67,7.59,7.59,1357582
2025-01-30,10:00:00,7.59,7.66,7.58,7.64,1534396
2025-01-30,14:00:00,7.64,7.64,7.63,7.63,308317
2025-02-02,10:00:00,7.64,7.64,7.59,7.61,1222821
2025-02-02,14:00:00,7.61,7.61,7.59,7.6,365109
2025-02-03,10:00:00,7.58,7.6,7.56,7.58,1427375
2025-02-03,14:00:00,7.57,7.58,7.53,7.54,836399
2025-02-04,10:00:00,7.56,7.58,7.54,7.54,1149711
2025-02-04,14:00:00,7.54,7.56,7.54,7.55,298096
2025-02-05,10:00:00,7.58,7.62,7.55,7.6,2206902
2025-02-05,14:00:00,7.6,7.6,7.57,7.58,617771
2025-02-06,10:00:00,7.59,7.59,7.55,7.55,1635528
2025-02-06,14:00:00,7.56,7.57,7.55,7.57,390036
2025-02-09,10:00:00,7.57,7.61,7.57,7.6,922364
2025-02-09,14:00:00,7.59,7.62,7.59,7.6,699277
2025-02-10,10:00:00,7.63,7.88,7.62,7.8,11602321
2025-02-10,14:00:00,7.79,7.82,7.77,7.81,826577
2025-02-11,10:00:00,7.82,7.83,7.68,7.69,2969058
2025-02-11,14:00:00,7.69,7.7,7.65,7.66,889929
2025-02-12,10:00:00,7.7,7.82,7.69,7.7,5072974
2025-02-12,14:00:00,7.7,7.73,7.68,7.73,565774
2025-02-13,10:00:00,7.71,7.75,7.67,7.69,2085364
2025-02-13,14:00:00,7.7,7.7,7.68,7.69,290773
2025-02-16,10:00:00,7.7,7.71,7.67,7.68,1196479
2025-02-16,14:00:00,7.68,7.7,7.68,7.69,249387
2025-02-17,10:00:00,7.69,7.69,7.6,7.62,1495278
2025-02-17,14:00:00,7.62,7.62,7.6,7.61,231205
2025-02-18,10:00:00,7.61,7.65,7.61,7.63,936334
2025-02-18,14:00:00,7.63,7.64,7.61,7.62,456673
2025-02-19,10:00:00,7.61,7.63,7.57,7.59,1237705
2025-02-19,14:00:00,7.59,7.59,7.58,7.58,273870
2025-02-20,10:00:00,7.58,7.61,7.56,7.58,754895
2025-02-20,14:00:00,7.57,7.6,7.57,7.58,198975
2025-02-24,10:00:00,7.58,7.58,7.48,7.51,1603165
2025-02-24,14:00:00,7.51,7.52,7.5,7.51,443343
2025-02-25,10:00:00,7.51,7.51,7.38,7.42,2000378
2025-02-25,14:00:00,7.42,7.43,7.4,7.42,266808
2025-02-26,10:00:00,7.42,7.42,7.39,7.39,781860
2025-02-26,14:00:00,7.4,7.41,7.39,7.4,173080
2025-02-27,10:00:00,7.41,7.41,7.33,7.34,1036244
2025-02-27,14:00:00,7.34,7.34,7.3,7.34,448076
2025-03-02,10:00:00,7.05,7.36,7.02,7.06,2050353
2025-03-02,14:00:00,7.05,7.06,7.04,7.05,587424
2025-03-03,10:00:00,7.07,7.14,7.01,7.08,551976
2025-03-03,14:00:00,7.07,7.1,7.07,7.07,317719
2025-03-04,10:00:00,6.97,7.04,6.93,6.98,1584515
2025-03-04,14:00:00,6.98,6.99,6.96,6.97,674682
2025-03-05,10:00:00,6.9,6.95,6.87,6.92,1024765
2025-03-05,14:00:00,6.93,6.93,6.9,6.9,307486
2025-03-06,10:00:00,6.68,6.89,6.57,6.68,2989618
2025-03-06,14:00:00,6.68,6.7,6.67,6.68,414057
2025-03-09,10:00:00,6.51,6.6,6.48,6.51,1874229
2025-03-09,14:00:00,6.52,6.53,6.51,6.51,386984
2025-03-10,10:00:00,6.48,6.49,6.34,6.48,1563699
2025-03-10,14:00:00,6.48,6.52,6.45,6.48,498305
2025-03-11,10:00:00,6.5,6.55,6.28,6.41,2334926
2025-03-11,14:00:00,6.42,6.5,6.39,6.5,562725
2025-03-12,10:00:00,6.61,6.69,6.52,6.58,765498
2025-03-12,14:00:00,6.58,6.62,6.57,6.61,311035
2025-03-13,10:00:00,6.58,6.68,6.55,6.59,653272
2025-03-13,14:00:00,6.59,6.6,6.56,6.58,219552
2025-03-16,10:00:00,6.66,6.71,6.57,6.71,1366046
2025-03-16,14:00:00,6.7,6.72,6.66,6.66,308440
2025-03-17,10:00:00,6.47,6.65,6.38,6.57,1326620
2025-03-17,14:00:00,6.57,6.59,6.46,6.47,753183
2025-03-18,10:00:00,6.37,6.49,6.33,6.41,1237532
2025-03-18,14:00:00,6.4,6.41,6.35,6.37,504957
2025-03-19,10:00:00,6.39,6.41,6.31,6.38,733851
2025-03-19,14:00:00,6.38,6.41,6.37,6.39,584767
2025-03-20,10:00:00,6.38,6.41,6.37,6.38,516992
2025-03-20,14:00:00,6.37,6.38,6.35,6.38,213984
2025-03-23,10:00:00,6.33,6.4,6.31,6.35,408936
2025-03-23,14:00:00,6.34,6.36,6.33,6.33,379259
2025-03-24,10:00:00,6.34,6.38,6.3,6.33,673854
2025-03-24,14:00:00,6.33,6.34,6.32,6.34,464926
2025-03-25,10:00:00,6.07,6.33,6.06,6.2,2202769
2025-03-25,14:00:00,6.21,6.22,6.05,6.07,1783334
2025-03-26,10:00:00,6.18,6.28,6.1,6.18,1745275
2025-03-26,14:00:00,6.19,6.19,6.16,6.18,386612
2025-03-27,10:00:00,6.25,6.26,6.13,6.22,5210539
2025-03-27,14:00:00,6.22,6.25,6.2,6.25,1007043
2025-04-03,10:00:00,6.2,6.28,5.72,6.21,1699534
2025-04-03,14:00:00,6.21,6.23,6.18,6.2,305755
2025-04-06,10:00:00,5.63,5.8,5.36,5.73,2809227
2025-04-06,14:00:00,5.73,5.75,5.63,5.63,919035
2025-04-07,10:00:00,5.7,5.79,5.35,5.67,4186288
2025-04-07,14:00:00,5.67,5.74,5.65,5.7,1035905
2025-04-08,10:00:00,5.6,5.87,5.52,5.64,3380184
2025-04-08,14:00:00,5.65,5.65,5.58,5.6,1074138
2025-04-09,10:00:00,5.45,5.75,5.45,5.6,2021883
2025-04-09,14:00:00,5.6,5.61,5.42,5.45,1306077
2025-04-10,10:00:00,5.73,5.79,5.65,5.7,2632837
2025-04-10,14:00:00,5.7,5.81,5.69,5.73,1116025
2025-04-13,10:00:00,5.9,5.98,5.78,5.91,1557685
2025-04-13,14:00:00,5.9,5.91,5.88,5.9,327321
2025-04-14,10:00:00,6.38,6.53,5.87,6.18,5594584
2025-04-14,14:00:00,6.15,6.41,6.13,6.38,2767690
2025-04-15,10:00:00,6.56,6.64,6.41,6.57,5213393
2025-04-15,14:00:00,6.57,6.62,6.54,6.56,1794088
2025-04-16,10:00:00,6.5,6.55,6.38,6.5,2811216
2025-04-16,14:00:00,6.5,6.51,6.46,6.5,561239
2025-04-17,10:00:00,6.47,6.6,6.36,6.51,2341104
2025-04-17,14:00:00,6.51,6.54,6.45,6.47,585067
2025-04-20,10:00:00,6.61,6.66,6.56,6.59,1538378
2025-04-20,14:00:00,6.57,6.61,6.55,6.61,254346
2025-04-21,10:00:00,6.66,6.74,6.53,6.7,2568409
2025-04-21,14:00:00,6.7,6.72,6.66,6.66,805350
2025-04-22,10:00:00,6.53,6.71,6.53,6.59,1018073
2025-04-22,14:00:00,6.59,6.59,6.53,6.53,442430
2025-04-23,10:00:00,6.6,6.61,6.55,6.59,832500
2025-04-23,14:00:00,6.59,6.63,6.58,6.6,244123
2025-04-24,10:00:00,6.62,6.68,6.6,6.61,975806
2025-04-24,14:00:00,6.62,6.63,6.6,6.62,291901
2025-04-27,10:00:00,6.64,6.64,6.53,6.56,1874844
2025-04-27,14:00:00,6.56,6.58,6.54,6.56,254444
2025-04-28,10:00:00,6.56,6.58,6.44,6.53,2075099
2025-04-28,14:00:00,6.53,6.55,6.5,6.51,200355
2025-04-29,10:00:00,6.5,6.54,6.48,6.5,559526
2025-04-29,14:00:00,6.5,6.5,6.48,6.49,152126
2025-04-30,10:00:00,6.49,6.49,6.35,6.38,646070
2025-04-30,14:00:00,6.38,6.41,6.36,6.38,171169
2025-05-01,10:00:00,6.4,6.42,6.35,6.37,562925
2025-05-01,14:00:00,6.35,6.37,6.35,6.36,211243
2025-05-04,10:00:00,6.37,6.38,6.2,6.22,612764
2025-05-04,14:00:00,6.21,6.23,6.2,6.23,115402
2025-05-05,10:00:00,6.24,6.3,6.16,6.26,524470
2025-05-05,14:00:00,6.26,6.27,6.22,6.22,82878
2025-05-06,10:00:00,6.22,6.31,6.21,6.23,458368
2025-05-06,14:00:00,6.23,6.24,6.21,6.23,77631
2025-05-07,10:00:00,6.2,6.28,6.18,6.19,602957
2025-05-07,14:00:00,6.19,6.24,6.17,6.2,235614
2025-05-08,10:00:00,6.19,6.3,6.15,6.21,686710
2025-05-08,14:00:00,6.2,6.21,6.18,6.19,114970
2025-05-11,10:00:00,6.41,6.54,6.22,6.27,724951
2025-05-11,14:00:00,6.26,6.5,6.25,6.41,1303648
2025-05-12,10:00:00,6.62,6.65,6.47,6.6,2091332
2025-05-12,14:00:00,6.61,6.62,6.59,6.62,450415
2025-05-13,10:00:00,6.62,6.79,6.61,6.72,2113854
2025-05-13,14:00:00,6.71,6.72,6.62,6.62,876820
2025-05-14,10:00:00,6.8,7.13,6.65,6.75,3718990
2025-05-14,14:00:00,6.75,6.84,6.75,6.8,951589
2025-05-15,10:00:00,7.01,7.16,6.9,7.07,6360565
2025-05-15,14:00:00,7.06,7.08,7.01,7.01,1162215
2025-05-18,10:00:00,6.84,7.07,6.8,6.93,1979163
2025-05-18,14:00:00,6.91,6.94,6.83,6.84,614955
2025-05-19,10:00:00,6.7,6.82,6.68,6.76,929803
2025-05-19,14:00:00,6.75,6.76,6.69,6.7,551606
2025-05-20,10:00:00,6.58,6.8,6.58,6.63,2604704
2025-05-20,14:00:00,6.64,6.66,6.58,6.58,500305
2025-05-21,10:00:00,6.37,6.61,6.33,6.42,1268283
2025-05-21,14:00:00,6.42,6.43,6.36,6.37,514974
2025-05-22,10:00:00,6.33,6.36,6.27,6.33,676278
2025-05-22,14:00:00,6.33,6.34,6.28,6.33,308767
2025-05-25,10:00:00,6.2,6.3,6.16,6.23,874845
2025-05-25,14:00:00,6.23,6.24,6.2,6.2,299363
2025-05-26,10:00:00,6.23,6.38,6.11,6.19,1743750
2025-05-26,14:00:00,6.19,6.25,6.18,6.23,278884
2025-05-27,10:00:00,6.07,6.18,6.06,6.07,1187405
2025-05-27,14:00:00,6.07,6.07,6.03,6.07,392075
2025-05-28,10:00:00,6.09,6.13,6.07,6.1,432428
2025-05-28,14:00:00,6.09,6.1,6.07,6.09,216591
2025-05-29,10:00:00,6.19,6.19,6.08,6.13,805771
2025-05-29,14:00:00,6.12,6.2,6.11,6.19,439399
2025-06-01,10:00:00,6.18,6.18,6.07,6.11,305832
2025-06-01,14:00:00,6.12,6.2,6.1,6.18,309207
2025-06-02,10:00:00,6.17,6.23,6.16,6.17,460347
2025-06-02,14:00:00,6.18,6.19,6.14,6.17,185664
2025-06-03,10:00:00,6.19,6.2,6.16,6.18,210372
2025-06-03,14:00:00,6.18,6.19,6.15,6.19,141464
2025-06-04,10:00:00,6.2,6.28,6.19,6.21,422226
2025-06-04,14:00:00,6.2,6.22,6.2,6.2,193883
2025-06-11,10:00:00,6.24,6.32,6.05,6.26,693677
2025-06-11,14:00:00,6.25,6.27,6.21,6.24,250868
2025-06-12,10:00:00,5.98,6.07,5.4,5.98,1380334
2025-06-12,14:00:00,5.98,6.0,5.97,5.98,229626
2025-06-15,10:00:00,5.74,5.87,5.59,5.78,920354
2025-06-15,14:00:00,5.77,5.77,5.67,5.74,402372
2025-06-16,10:00:00,5.92,6.02,5.82,5.98,1011928
2025-06-16,14:00:00,5.97,5.98,5.89,5.92,338208
2025-06-17,10:00:00,5.77,5.94,5.65,5.79,666858
2025-06-17,14:00:00,5.8,5.82,5.77,5.77,190885
2025-06-18,10:00:00,5.61,5.75,5.56,5.6,1067102
2025-06-18,14:00:00,5.6,5.63,5.58,5.61,221468
2025-06-19,10:00:00,5.61,5.74,5.57,5.63,999210
2025-06-19,14:00:00,5.63,5.63,5.57,5.61,196068
2025-06-22,10:00:00,5.61,5.72,5.59,5.6,1037876
2025-06-22,14:00:00,5.61,5.62,5.58,5.61,166000
2025-06-23,10:00:00,5.68,5.96,5.63,5.66,1087677
2025-06-23,14:00:00,5.67,5.71,5.66,5.68,265490
2025-06-24,10:00:00,6.03,6.08,5.91,6.03,1228434
2025-06-24,14:00:00,6.02,6.05,6.01,6.03,226194
2025-06-25,10:00:00,6.06,6.12,6.03,6.04,960755
2025-06-25,14:00:00,6.04,6.06,6.03,6.06,143078
2025-06-26,10:00:00,6.11,6.17,6.05,6.1,686613
2025-06-26,14:00:00,6.1,6.12,6.08,6.11,145205
2025-06-29,10:00:00,6.15,6.22,6.07,6.2,1955098
2025-06-29,14:00:00,6.2,6.21,6.15,6.15,532219
2025-06-30,10:00:00,6.07,6.19,6.05,6.09,1525159
2025-06-30,14:00:00,6.09,6.1,6.06,6.07,358378
2025-07-01,10:00:00,6.03,6.09,6.02,6.04,1164529
2025-07-01,14:00:00,6.04,6.05,6.02,6.03,312852
2025-07-02,10:00:00,6.01,6.06,5.99,6.02,1279505
2025-07-02,14:00:00,6.01,6.05,6.0,6.01,314871
2025-07-03,10:00:00,5.97,6.04,5.94,5.98,1448470
2025-07-03,14:00:00,5.98,5.99,5.95,5.97,261057
2025-07-06,10:00:00,5.99,6.02,5.96,6.01,755938
2025-07-06,14:00:00,6.0,6.02,5.98,5.99,207126
2025-07-07,10:00:00,6.01,6.04,5.98,6.02,712466
2025-07-07,14:00:00,6.02,6.06,6.0,6.01,620557
2025-07-08,10:00:00,5.98,6.01,5.94,5.98,595369
2025-07-08,14:00:00,5.98,5.99,5.97,5.98,450742
2025-07-09,10:00:00,6.0,6.03,5.95,5.99,490971
2025-07-09,14:00:00,6.0,6.02,5.99,6.0,232828
2025-07-10,10:00:00,6.06,6.1,5.99,6.07,1530945
2025-07-10,14:00:00,6.06,6.09,6.04,6.06,736114
2025-07-13,10:00:00,6.2,6.29,6.06,6.2,2883024
2025-07-13,14:00:00,6.2,6.23,6.18,6.2,384471
2025-07-14,10:00:00,6.25,6.29,6.16,6.2,1957280
2025-07-14,14:00:00,6.19,6.29,6.19,6.25,951650
2025-07-15,10:00:00,6.26,6.38,6.17,6.34,2635961
2025-07-15,14:00:00,6.33,6.34,6.22,6.26,864178
2025-07-16,10:00:00,6.38,6.55,6.2,6.44,3955538
2025-07-16,14:00:00,6.44,6.44,6.36,6.38,650054
2025-07-17,10:00:00,6.35,6.45,6.31,6.36,1204825
2025-07-17,14:00:00,6.35,6.41,6.35,6.35,248004
2025-07-20,10:00:00,6.44,6.44,6.31,6.38,851539
2025-07-20,14:00:00,6.37,6.51,6.36,6.44,1232902
2025-07-21,10:00:00,6.35,6.46,6.34,6.4,954414
2025-07-21,14:00:00,6.41,6.44,6.35,6.35,341540
2025-07-22,10:00:00,6.35,6.38,6.3,6.34,685545
2025-07-22,14:00:00,6.34,6.41,6.34,6.35,309833
2025-07-23,10:00:00,6.41,6.44,6.34,6.4,587860
2025-07-23,14:00:00,6.4,6.42,6.39,6.41,158048
2025-07-24,10:00:00,6.36,6.41,6.31,6.39,490546
2025-07-24,14:00:00,6.39,6.39,6.34,6.36,205462
2025-07-27,10:00:00,6.33,6.36,6.25,6.33,868731
2025-07-27,14:00:00,6.32,6.37,6.31,6.33,191976
2025-07-28,10:00:00,6.35,6.4,6.25,6.34,461151
2025-07-28,14:00:00,6.34,6.37,6.33,6.35,139543
2025-07-29,10:00:00,6.31,6.34,6.26,6.33,407030
2025-07-29,14:00:00,6.32,6.33,6.3,6.31,86308
2025-07-30,10:00:00,6.33,6.38,6.28,6.33,625929
2025-07-30,14:00:00,6.34,6.34,6.3,6.33,145549
2025-07-31,10:00:00,6.29,6.33,6.15,6.3,553095
2025-07-31,14:00:00,6.3,6.32,6.28,6.29,97881
2025-08-03,10:00:00,6.16,6.2,6.1,6.15,565735
2025-08-03,14:00:00,6.15,6.21,6.14,6.16,132276
2025-08-04,10:00:00,6.11,6.17,6.09,6.17,615259
2025-08-04,14:00:00,6.16,6.17,6.1,6.1,232944
2025-08-05,10:00:00,6.1,6.16,6.1,6.13,484670
2025-08-05,14:00:00,6.13,6.15,6.12,6.15,175039
2025-08-06,10:00:00,6.13,6.2,6.11,6.14,430956
2025-08-06,14:00:00,6.15,6.16,6.13,6.13,188063
2025-08-07,10:00:00,6.12,6.19,6.08,6.12,540413
2025-08-07,14:00:00,6.12,6.14,6.12,6.12,172769
2025-08-10,10:00:00,6.0,6.17,5.96,6.03,1025820
2025-08-10,14:00:00,6.02,6.03,5.99,6.0,421341
2025-08-11,10:00:00,5.92,6.0,5.85,5.93,510124
2025-08-11,14:00:00,5.94,5.95,5.92,5.92,138655
2025-08-12,10:00:00,5.85,5.92,5.84,5.86,376774
2025-08-12,14:00:00,5.87,5.88,5.82,5.85,277953
2025-08-13,10:00:00,5.83,5.9,5.76,5.77,509400
2025-08-13,14:00:00,5.77,5.83,5.75,5.83,289637
2025-08-14,10:00:00,5.83,5.91,5.78,5.81,354735
2025-08-14,14:00:00,5.82,5.84,5.81,5.83,186683
2025-08-17,10:00:00,5.89,5.94,5.86,5.9,613854
2025-08-17,14:00:00,5.91,5.93,5.87,5.89,239388
2025-08-18,10:00:00,5.86,5.99,5.81,5.87,831371
2025-08-18,14:00:00,5.86,5.87,5.85,5.86,51667
2025-08-19,10:00:00,5.89,5.98,5.86,5.91,858144
2025-08-19,14:00:00,5.9,5.92,5.88,5.89,187722
2025-08-20,10:00:00,5.95,5.96,5.91,5.93,569804
2025-08-20,14:00:00,5.95,5.97,5.92,5.95,199205
2025-08-21,10:00:00,5.93,5.99,5.9,5.93,505465
2025-08-21,14:00:00,5.92,5.95,5.91,5.93,128877
2025-08-24,10:00:00,5.99,6.02,5.88,5.99,1416941
2025-08-24,14:00:00,5.98,6.0,5.97,5.99,323960
2025-08-25,10:00:00,6.0,6.05,5.95,6.03,1663512
2025-08-25,14:00:00,6.03,6.05,6.0,6.0,222158
2025-08-26,10:00:00,6.1,6.21,5.93,6.05,1172851
2025-08-26,14:00:00,6.06,6.1,6.05,6.1,474011
2025-08-27,10:00:00,6.1,6.21,6.07,6.11,1185013
2025-08-27,14:00:00,6.1,6.12,6.08,6.1,398314
2025-08-28,10:00:00,6.05,6.11,6.0,6.09,290689
2025-08-28,14:00:00,6.09,6.09,6.05,6.05,107841
2025-08-31,10:00:00,6.02,6.05,5.96,5.97,267493
2025-08-31,14:00:00,5.97,5.97,5.9,5.9,135606
2025-09-01,10:00:00,5.86,5.95,5.8,5.87,306169
2025-09-01,14:00:00,5.87,5.91,5.85,5.88,141888
2025-09-02,10:00:00,5.82,5.86,5.74,5.85,460177
2025-09-02,14:00:00,5.84,5.85,5.8,5.82,69434
2025-09-03,10:00:00,5.84,5.9,5.84,5.87,173322
2025-09-03,14:00:00,5.86,5.87,5.82,5.84,102825
2025-09-04,10:00:00,5.82,5.9,5.79,5.82,259931
2025-09-04,14:00:00,5.82,5.83,5.8,5.82,66165
2025-09-07,10:00:00,5.85,5.88,5.82,5.86,320346
2025-09-07,14:00:00,5.86,5.87,5.84,5.85,60698
2025-09-08,10:00:00,5.78,5.86,5.76,5.77,342090
2025-09-08,14:00:00,5.76,5.8,5.76,5.78,73570
2025-09-09,10:00:00,5.77,5.8,5.67,5.72,557135
2025-09-09,14:00:00,5.71,5.79,5.71,5.77,165749
2025-09-10,10:00:00,5.72,5.77,5.64,5.65,343817
2025-09-10,14:00:00,5.65,5.67,5.64,5.66,104018
2025-09-11,10:00:00,5.68,5.69,5.58,5.59,336354
2025-09-11,14:00:00,5.6,5.62,5.58,5.61,63648
2025-09-14,10:00:00,5.61,5.63,5.54,5.59,348710
2025-09-14,14:00:00,5.59,5.61,5.58,5.59,45070
2025-09-15,10:00:00,5.65,5.72,5.57,5.68,487161
2025-09-15,14:00:00,5.68,5.79,5.68,5.79,227085
2025-09-16,10:00:00,5.8,5.83,5.74,5.82,475026
2025-09-16,14:00:00,5.81,5.86,5.8,5.81,192553
2025-09-17,10:00:00,5.8,5.84,5.77,5.81,283073
2025-09-17,14:00:00,5.8,5.83,5.8,5.82,158642
2025-09-18,10:00:00,5.84,5.86,5.79,5.84,331281
2025-09-18,14:00:00,5.84,5.89,5.83,5.88,291679
2025-09-21,10:00:00,5.87,5.91,5.85,5.89,530563
2025-09-21,14:00:00,5.89,5.9,5.87,5.88,158733
2025-09-22,10:00:00,5.89,5.9,5.82,5.84,525562
2025-09-22,14:00:00,5.83,5.85,5.82,5.85,120612
2025-09-24,10:00:00,5.84,6.05,5.84,6.04,1200485
2025-09-24,14:00:00,6.04,6.05,6.01,6.02,110998
2025-09-25,10:00:00,6.03,6.06,5.91,5.97,679159
2025-09-25,14:00:00,5.97,5.98,5.94,5.94,122686
2025-09-28,10:00:00,5.99,6.0,5.92,5.98,760731
2025-09-28,14:00:00,5.98,6.05,5.98,6.0,406848
2025-09-29,10:00:00,6.03,6.13,5.98,6.11,1207321
2025-09-29,14:00:00,6.11,6.12,6.07,6.12,205612
2025-09-30,10:00:00,6.13,6.14,6.07,6.07,702180
2025-09-30,14:00:00,6.08,6.08,6.06,6.08,121413
2025-10-01,10:00:00,6.08,6.11,6.06,6.09,666842
2025-10-01,14:00:00,6.1,6.1,6.06,6.06,114012
2025-10-02,10:00:00,6.08,6.12,6.04,6.05,1063846
2025-10-02,14:00:00,6.05,6.05,6.0,6.04,706212
2025-10-05,10:00:00,6.04,6.12,6.04,6.07,972345
2025-10-05,14:00:00,6.06,6.07,6.04,6.06,241246
2025-10-06,10:00:00,6.08,6.15,6.06,6.1,1565307
2025-10-06,14:00:00,6.1,6.11,6.08,6.1,89643
2025-10-07,10:00:00,6.1,6.11,6.06,6.08,529512
2025-10-07,14:00:00,6.09,6.09,6.07,6.07,134823
2025-10-08,10:00:00,6.06,6.07,5.92,5.95,1613773
2025-10-08,14:00:00,5.95,5.96,5.93,5.94,515595
2025-10-09,10:00:00,5.93,5.95,5.89,5.92,831565
2025-10-09,14:00:00,5.93,5.94,5.9,5.94,210902
2025-10-12,10:00:00,5.82,6.2,5.8,6.01,8564491
2025-10-12,14:00:00,6.01,6.01,5.93,5.98,1292791
2025-10-13,10:00:00,6.0,6.07,5.95,6.0,2035224
2025-10-13,14:00:00,6.0,6.03,5.97,6.02,799064
2025-10-14,10:00:00,6.09,6.15,5.99,6.1,5746520
2025-10-14,14:00:00,6.1,6.12,6.08,6.09,742310
2025-10-15,10:00:00,6.08,6.1,6.02,6.04,1338382
2025-10-15,14:00:00,6.04,6.09,6.0,6.09,1487181
2025-10-16,10:00:00,6.08,6.25,6.05,6.21,10596695
2025-10-16,14:00:00,6.21,6.23,6.17,6.21,825969
2025-10-19,10:00:00,6.23,6.35,6.21,6.3,4149585
2025-10-19,14:00:00,6.32,6.32,6.22,6.24,547382
2025-10-20,10:00:00,6.24,6.28,6.14,6.15,2100744
2025-10-20,14:00:00,6.15,6.17,6.13,6.14,436806
2025-10-21,10:00:00,6.15,6.15,6.06,6.12,2400648
2025-10-21,14:00:00,6.11,6.12,6.04,6.04,726229
2025-10-22,10:00:00,6.04,6.08,5.95,5.96,1303525
2025-10-22,14:00:00,5.97,5.97,5.91,5.91,582693
2025-10-23,10:00:00,5.92,5.98,5.91,5.97,696934
2025-10-23,14:00:00,5.96,5.97,5.94,5.95,167800
2025-10-26,10:00:00,5.95,6.09,5.95,6.02,1133152
2025-10-26,14:00:00,6.01,6.03,6.0,6.02,188738
2025-10-27,10:00:00,6.02,6.14,6.01,6.07,1860735
2025-10-27,14:00:00,6.07,6.07,6.03,6.05,267574
2025-10-28,10:00:00,6.09,6.09,6.02,6.04,653236
2025-10-28,14:00:00,6.04,6.05,6.03,6.03,237133
2025-10-29,10:00:00,6.04,6.04,6.0,6.02,594977
2025-10-29,14:00:00,6.03,6.04,6.01,6.04,88783
2025-10-30,10:00:00,6.02,6.08,6.01,6.01,587072
2025-10-30,14:00:00,6.02,6.02,6.0,6.02,394419
2025-11-02,10:00:00,6.02,6.03,5.96,5.98,601168
2025-11-02,14:00:00,5.98,6.0,5.97,5.97,94725
2025-11-03,10:00:00,5.96,5.98,5.87,5.89,642785
2025-11-03,14:00:00,5.89,5.91,5.88,5.89,152190
2025-11-04,10:00:00,5.9,5.93,5.86,5.87,491906
2025-11-04,14:00:00,5.87,5.88,5.84,5.84,266928
2025-11-05,10:00:00,5.85,5.85,5.75,5.77,879273
2025-11-05,14:00:00,5.78,5.79,5.72,5.74,279881
2025-11-06,10:00:00,5.73,5.85,5.73,5.79,567441
2025-11-06,14:00:00,5.8,5.82,5.76,5.79,507887
2025-11-09,10:00:00,5.77,5.82,5.7,5.76,565277
2025-11-09,14:00:00,5.76,5.78,5.73,5.77,85330
2025-11-10,10:00:00,5.84,6.09,5.75,5.76,2033047
2025-11-10,14:00:00,5.76,5.87,5.75,5.84,546673
2025-11-11,10:00:00,5.89,6.0,5.87,5.93,1779886
2025-11-11,14:00:00,5.93,5.94,5.89,5.89,361945
2025-11-12,10:00:00,5.88,5.95,5.86,5.92,932519
2025-11-12,14:00:00,5.92,5.93,5.85,5.88,339871
2025-11-13,10:00:00,5.81,5.9,5.76,5.85,848303
2025-11-13,14:00:00,5.84,5.85,5.81,5.81,395771
2025-11-16,10:00:00,5.68,5.81,5.67,5.7,582152
2025-11-16,14:00:00,5.7,5.7,5.65,5.68,213196
2025-11-17,10:00:00,5.69,5.72,5.62,5.64,459875
2025-11-17,14:00:00,5.64,5.7,5.61,5.69,248394
2025-11-18,10:00:00,5.59,5.64,5.57,5.62,1723384
2025-11-18,14:00:00,5.62,5.63,5.58,5.59,574991
2025-11-19,10:00:00,5.51,5.63,5.49,5.55,1471449
2025-11-19,14:00:00,5.56,5.56,5.5,5.51,533457
2025-11-20,10:00:00,5.49,5.52,5.44,5.47,1878147
2025-11-20,14:00:00,5.47,5.5,5.46,5.49,359691
2025-11-23,10:00:00,5.4,5.5,5.35,5.41,2195770
2025-11-23,14:00:00,5.41,5.42,5.38,5.4,313503
2025-11-24,10:00:00,5.49,5.49,5.35,5.42,1125333
2025-11-24,14:00:00,5.41,5.49,5.39,5.49,845362
2025-11-25,10:00:00,5.42,5.45,5.37,5.4,521758
2025-11-25,14:00:00,5.38,5.4,5.31,5.31,387301
2025-11-26,10:00:00,5.3,5.34,5.29,5.33,898817
2025-11-26,14:00:00,5.33,5.36,5.33,5.34,206211
2025-11-27,10:00:00,5.36,5.39,5.29,5.39,649693
2025-11-27,14:00:00,5.38,5.4,5.36,5.39,268934
2025-11-30,10:00:00,5.42,5.43,5.3,5.34,541447
2025-11-30,14:00:00,5.34,5.34,5.27,5.27,288766
2025-12-01,10:00:00,5.31,5.35,5.26,5.32,608981
2025-12-01,14:00:00,5.33,5.35,5.31,5.34,141528
2025-12-02,10:00:00,5.35,5.38,5.29,5.3,553927
2025-12-02,14:00:00,5.3,5.3,5.27,5.28,266002
2025-12-03,10:00:00,5.28,5.36,5.28,5.33,346178
2025-12-03,14:00:00,5.32,5.33,5.3,5.32,83383
2025-12-04,10:00:00,5.35,5.48,5.34,5.43,867789
2025-12-04,14:00:00,5.44,5.46,5.4,5.45,320904
2025-12-07,10:00:00,5.38,5.47,5.34,5.38,543574
2025-12-07,14:00:00,5.37,5.39,5.36,5.38,101128
2025-12-08,10:00:00,5.36,5.38,5.32,5.32,354414
2025-12-08,14:00:00,5.32,5.35,5.3,5.32,453336
2025-12-09,10:00:00,5.32,5.38,5.28,5.38,567774
2025-12-09,14:00:00,5.38,5.39,5.36,5.36,111464
2025-12-10,10:00:00,5.38,5.43,5.38,5.39,394039
2025-12-10,14:00:00,5.38,5.42,5.38,5.4,128487
2025-12-11,10:00:00,5.4,5.42,5.35,5.37,366410
2025-12-11,14:00:00,5.38,5.4,5.36,5.39,54996
2025-12-14,10:00:00,5.4,5.4,5.31,5.34,402068
2025-12-14,14:00:00,5.34,5.34,5.31,5.33,93107
2025-12-15,10:00:00,5.37,5.39,5.3,5.34,383424
2025-12-15,14:00:00,5.35,5.38,5.34,5.36,217742
2025-12-16,10:00:00,5.3,5.37,5.23,5.34,441488
2025-12-16,14:00:00,5.33,5.33,5.3,5.3,265513
2025-12-17,10:00:00,5.32,5.35,5.21,5.31,870560
2025-12-17,14:00:00,5.3,5.32,5.29,5.32,190425
2025-12-18,10:00:00,5.34,5.34,5.27,5.3,445021
2025-12-18,14:00:00,5.3,5.32,5.28,5.28,269618
2025-12-21,10:00:00,5.27,5.38,5.27,5.37,437876
2025-12-21,14:00:00,5.37,5.38,5.34,5.36,103410
2025-12-22,10:00:00,5.38,5.38,5.3,5.3,469641
2025-12-22,14:00:00,5.31,5.32,5.29,5.29,173482
2025-12-23,10:00:00,5.29,5.32,5.28,5.32,477323
2025-12-23,14:00:00,5.31,5.36,5.31,5.36,269082
2025-12-24,10:00:00,5.35,5.37,5.27,5.29,580258
2025-12-24,14:00:00,5.28,5.3,5.27,5.28,159686
2025-12-25,10:00:00,5.28,5.3,5.24,5.25,337357
2025-12-25,14:00:00,5.25,5.25,5.23,5.24,147424
2025-12-28,10:00:00,5.24,5.24,5.09,5.14,1062349
2025-12-28,14:00:00,5.15,5.19,5.12,5.18,224940
2025-12-29,10:00:00,5.16,5.21,5.12,5.18,612909
2025-12-29,14:00:00,5.18,5.2,5.17,5.2,154199
2025-12-30,10:00:00,5.2,5.2,5.08,5.1,687065
2025-12-30,14:00:00,5.1,5.11,4.98,5.01,459251
2025-12-31,10:00:00,5.08,5.24,5.08,5.22,813063
2025-12-31,14:00:00,5.22,5.29,5.21,5.28,271614
2026-01-01,10:00:00,5.31,5.39,5.31,5.36,651759
2026-01-01,14:00:00,5.37,5.39,5.36,5.37,118899
2026-01-04,10:00:00,5.37,5.37,5.24,5.27,533950
2026-01-04,14:00:00,5.27,5.3,5.26,5.29,54940
2026-01-05,10:00:00,5.29,5.34,5.17,5.21,1094735
2026-01-05,14:00:00,5.21,5.23,5.19,5.23,142132
2026-01-06,10:00:00,5.23,5.27,5.14,5.19,815680
2026-01-06,14:00:00,5.2,5.2,5.14,5.18,331014
2026-01-07,10:00:00,5.32,5.36,5.2,5.27,1603559
2026-01-07,14:00:00,5.27,5.28,5.23,5.27,226521
2026-01-08,10:00:00,5.25,5.27,5.21,5.24,486533
2026-01-08,14:00:00,5.25,5.27,5.24,5.26,124633
2026-01-11,10:00:00,5.27,5.37,5.27,5.33,592492
2026-01-11,14:00:00,5.33,5.36,5.32,5.36,106011
2026-01-12,10:00:00,5.36,5.47,5.35,5.43,805780
2026-01-12,14:00:00,5.43,5.45,5.41,5.42,152093
2026-01-13,10:00:00,5.42,5.57,5.39,5.57,1495888
2026-01-13,14:00:00,5.57,5.63,5.55,5.6,1027203
2026-01-14,10:00:00,5.6,5.92,5.55,5.81,5498405
2026-01-14,14:00:00,5.81,5.81,5.65,5.67,1558744
2026-01-15,10:00:00,5.82,5.99,5.69,5.69,6955892
2026-01-15,14:00:00,5.7,5.72,5.66,5.69,854261
2026-01-18,10:00:00,5.73,5.84,5.57,5.59,3341467
2026-01-18,14:00:00,5.59,5.64,5.58,5.6,1733989
2026-01-19,10:00:00,5.65,5.73,5.58,5.72,2236415
2026-01-19,14:00:00,5.72,5.73,5.66,5.72,867014
2026-01-20,10:00:00,5.73,5.9,5.73,5.86,3390214
2026-01-20,14:00:00,5.86,5.87,5.82,5.86,477230
2026-01-21,10:00:00,5.83,5.9,5.75,5.89,1788466
2026-01-21,14:00:00,5.89,5.94,5.87,5.92,670195
2026-01-22,10:00:00,5.9,5.93,5.84,5.86,1424677
2026-01-22,14:00:00,5.86,5.87,5.83,5.85,453778
2026-01-25,10:00:00,5.85,5.91,5.77,5.85,1185372
2026-01-25,14:00:00,5.85,5.86,5.81,5.84,247380
2026-01-26,10:00:00,5.84,5.94,5.82,5.88,1629328
2026-01-26,14:00:00,5.88,5.91,5.86,5.91,466581
2026-01-27,10:00:00,5.91,6.0,5.86,5.98,1913436
2026-01-27,14:00:00,5.99,6.0,5.97,6.0,449419
2026-01-28,10:00:00,6.01,6.01,5.91,5.93,1316131
2026-01-28,14:00:00,5.92,5.93,5.9,5.93,280865
2026-01-29,10:00:00,5.93,6.0,5.93,5.95,1261463
2026-01-29,14:00:00,5.94,5.95,5.91,5.91,519596
2026-02-01,10:00:00,5.91,5.94,5.74,5.8,902517
2026-02-01,14:00:00,5.79,5.79,5.75,5.76,160577
2026-02-02,10:00:00,5.74,6.16,5.71,5.97,2270517
2026-02-02,14:00:00,5.96,5.99,5.95,5.98,367352
2026-02-03,10:00:00,5.99,6.06,5.98,5.98,1019343
2026-02-03,14:00:00,6.01,6.01,5.97,5.99,310633
2026-02-04,10:00:00,5.99,6.08,5.96,5.97,1010437
2026-02-04,14:00:00,5.96,5.98,5.96,5.97,185557
2026-02-05,10:00:00,5.97,6.0,5.95,5.99,1133926
2026-02-05,14:00:00,5.99,5.99,5.95,5.95,217459
2026-02-08,10:00:00,5.92,6.02,5.91,5.93,767260
2026-02-08,14:00:00,5.93,5.94,5.91,5.93,89432
2026-02-09,10:00:00,5.93,5.95,5.8,5.85,1307507
2026-02-09,14:00:00,5.84,5.89,5.83,5.89,246744
2026-02-10,10:00:00,5.89,5.93,5.84,5.91,947144
2026-02-10,14:00:00,5.91,5.92,5.84,5.87,466385
2026-02-11,10:00:00,5.87,5.88,5.82,5.86,467191
2026-02-11,14:00:00,5.86,5.9,5.86,5.9,257841
2026-02-12,10:00:00,5.89,5.89,5.84,5.87,392195
2026-02-12,14:00:00,5.87,5.88,5.85,5.86,186153
2026-02-15,10:00:00,5.88,5.89,5.86,5.88,528217
2026-02-15,14:00:00,5.87,5.89,5.87,5.87,43515
2026-02-16,10:00:00,5.9,6.0,5.81,5.81,3969799
2026-02-16,14:00:00,5.81,5.85,5.78,5.79,578484
2026-02-17,10:00:00,5.79,5.79,5.72,5.75,792923
2026-02-17,14:00:00,5.76,5.77,5.73,5.73,218088
2026-02-18,10:00:00,5.73,5.9,5.7,5.81,606527
2026-02-18,14:00:00,5.81,5.83,5.8,5.81,119802
2026-02-19,10:00:00,5.82,5.83,5.65,5.68,574809
2026-02-19,14:00:00,5.67,5.67,5.61,5.64,187031
2026-02-23,10:00:00,5.6,5.64,5.44,5.49,1736286
2026-02-23,14:00:00,5.5,5.56,5.48,5.56,356809
2026-02-24,10:00:00,5.54,5.54,5.45,5.46,290114
2026-02-24,14:00:00,5.45,5.47,5.42,5.47,149067
2026-02-25,10:00:00,5.45,5.51,5.37,5.38,372713
2026-02-25,14:00:00,5.37,5.39,5.35,5.35,151640
2026-02-26,10:00:00,5.34,5.44,5.33,5.37,477666
2026-02-26,14:00:00,5.35,5.38,5.3,5.3,511220
2026-03-01,10:00:00,5.0,5.28,4.98,5.0,2817227
2026-03-01,14:00:00,5.0,5.08,4.99,5.08,274436
2026-03-02,10:00:00,5.04,5.18,4.98,5.0,1576328
2026-03-02,14:00:00,5.01,5.03,4.98,5.01,398189
2026-03-03,10:00:00,5.0,5.03,4.89,4.93,1155837
2026-03-03,14:00:00,4.93,4.96,4.92,4.94,202730
2026-03-04,10:00:00,4.94,5.13,4.94,5.13,1246183
2026-03-04,14:00:00,5.11,5.15,5.11,5.13,456077
2026-03-05,10:00:00,5.17,5.25,5.13,5.17,848478
2026-03-05,14:00:00,5.16,5.2,5.14,5.18,195285
2026-03-08,10:00:00,5.49,5.5,5.2,5.35,1193973
2026-03-08,14:00:00,5.37,5.52,5.35,5.49,1537800
2026-03-09,10:00:00,5.2,5.43,5.2,5.24,1430248
2026-03-09,14:00:00,5.24,5.26,5.19,5.2,451233
2026-03-10,10:00:00,5.27,5.27,5.2,5.21,531142
2026-03-10,14:00:00,5.22,5.28,5.21,5.27,314125
2026-03-11,10:00:00,5.16,5.26,5.13,5.13,821060
2026-03-11,14:00:00,5.13,5.17,5.13,5.16,268088
2026-03-12,10:00:00,5.12,5.17,5.07,5.11,633662
2026-03-12,14:00:00,5.11,5.13,5.08,5.12,247365
2026-03-15,10:00:00,5.13,5.15,5.05,5.11,401363
2026-03-15,14:00:00,5.11,5.16,5.08,5.13,189743
2026-03-16,10:00:00,5.13,5.23,5.1,5.15,607066
2026-03-16,14:00:00,5.15,5.17,5.12,5.13,462341
2026-03-24,10:00:00,5.2,5.45,5.16,5.24,3387862
2026-03-24,14:00:00,5.24,5.32,5.2,5.2,1461616
2026-03-25,10:00:00,5.32,5.5,5.3,5.33,2477863
2026-03-25,14:00:00,5.33,5.33,5.31,5.32,312634
2026-03-26,10:00:00,5.37,5.48,5.35,5.42,2055933
2026-03-26,14:00:00,5.41,5.42,5.37,5.37,606708
2026-03-29,10:00:00,5.35,5.55,5.35,5.38,2130310
2026-03-29,14:00:00,5.36,5.38,5.33,5.35,362209
2026-03-30,10:00:00,5.42,5.54,5.39,5.44,2805695
2026-03-30,14:00:00,5.45,5.45,5.41,5.42,500556
2026-03-31,10:00:00,5.6,5.69,5.43,5.55,3562056
2026-03-31,14:00:00,5.55,5.6,5.55,5.6,585380
2026-04-01,10:00:00,5.54,5.59,5.48,5.54,2152687
2026-04-01,14:00:00,5.55,5.56,5.52,5.54,732403
2026-04-02,10:00:00,5.59,5.61,5.45,5.59,3483675
2026-04-02,14:00:00,5.59,5.61,5.56,5.59,728475
2026-04-05,10:00:00,5.62,5.68,5.46,5.63,2509775
2026-04-05,14:00:00,5.64,5.66,5.6,5.62,900700
2026-04-06,10:00:00,5.53,5.55,5.46,5.54,995898
2026-04-06,14:00:00,5.54,5.55,5.5,5.53,259041
2026-04-07,10:00:00,5.43,5.56,5.41,5.43,1021875
2026-04-07,14:00:00,5.43,5.44,5.37,5.43,751146
2026-04-08,10:00:00,5.5,5.57,5.46,5.56,1157847
2026-04-08,14:00:00,5.55,5.57,5.5,5.5,825154
2026-04-09,10:00:00,5.51,5.53,5.45,5.53,587048
2026-04-09,14:00:00,5.53,5.53,5.49,5.51,343698
2026-04-12,10:00:00,5.5,5.5,5.44,5.46,316539
2026-04-12,14:00:00,5.45,5.46,5.44,5.45,136663
2026-04-13,10:00:00,5.49,5.49,5.42,5.47,626093
2026-04-13,14:00:00,5.47,5.49,5.46,5.49,275153
2026-04-14,10:00:00,5.48,5.59,5.47,5.57,1356112
2026-04-14,14:00:00,5.56,5.57,5.54,5.56,416141
2026-04-15,10:00:00,5.57,5.7,5.56,5.68,1755592
2026-04-15,14:00:00,5.69,5.82,5.68,5.82,2087486
2026-04-16,10:00:00,5.82,5.83,5.73,5.76,2487932
2026-04-16,14:00:00,5.76,5.78,5.74,5.78,246806
2026-04-19,10:00:00,5.78,5.85,5.67,5.68,1821614
2026-04-19,14:00:00,5.69,5.7,5.67,5.69,145686
2026-04-20,10:00:00,5.68,5.68,5.62,5.63,994073
2026-04-20,14:00:00,5.63,5.63,5.6,5.61,369223
2026-04-21,10:00:00,5.63,5.65,5.57,5.58,543288
2026-04-21,14:00:00,5.58,5.59,5.56,5.57,265777
2026-04-22,10:00:00,5.58,5.62,5.56,5.6,719898
2026-04-22,14:00:00,5.6,5.62,5.57,5.6,251842
2026-04-23,10:00:00,5.53,5.59,5.53,5.54,448226
2026-04-23,14:00:00,5.54,5.58,5.53,5.58,170901
2026-04-26,10:00:00,5.53,5.58,5.5,5.51,541492
2026-04-26,14:00:00,5.52,5.53,5.51,5.53,63738
2026-04-27,10:00:00,5.5,5.59,5.5,5.59,665303
2026-04-27,14:00:00,5.58,5.59,5.55,5.55,273759
2026-04-28,10:00:00,5.6,5.6,5.51,5.53,359863
2026-04-28,14:00:00,5.53,5.56,5.52,5.56,296194
2026-04-29,10:00:00,5.53,5.56,5.51,5.53,466683
2026-04-29,14:00:00,5.53,5.54,5.51,5.52,219839
2026-04-30,10:00:00,5.59,5.65,5.51,5.63,2027907
2026-04-30,14:00:00,5.63,5.66,5.61,5.63,587041
2026-05-03,10:00:00,5.63,5.78,5.63,5.68,1617525
2026-05-03,14:00:00,5.69,5.72,5.65,5.71,209262
2026-05-04,10:00:00,5.71,5.73,5.62,5.69,1114582
2026-05-04,14:00:00,5.69,5.78,5.68,5.76,808898
2026-05-05,10:00:00,5.77,5.8,5.71,5.74,1396119
2026-05-05,14:00:00,5.74,5.77,5.71,5.77,327630
2026-05-06,10:00:00,5.75,5.77,5.7,5.75,888655
2026-05-06,14:00:00,5.75,5.76,5.72,5.74,202196
2026-05-07,10:00:00,5.78,5.99,5.68,5.76,2092355
2026-05-07,14:00:00,5.75,5.78,5.72,5.78,396107
2026-05-10,10:00:00,5.87,5.95,5.84,5.88,1557443
2026-05-10,14:00:00,5.88,5.88,5.84,5.87,311592
2026-05-11,10:00:00,5.88,5.94,5.85,5.87,1441135
2026-05-11,14:00:00,5.87,5.92,5.87,5.88,756160
2026-05-12,10:00:00,5.87,5.98,5.84,5.95,1748817
2026-05-12,14:00:00,5.95,5.96,5.87,5.87,424818
2026-05-13,10:00:00,5.86,5.95,5.81,5.87,1261875
2026-05-13,14:00:00,5.87,5.88,5.84,5.86,278249
2026-05-14,10:00:00,5.83,6.0,5.82,5.9,5962945
2026-05-14,14:00:00,5.9,5.91,5.82,5.83,1042375
2026-05-17,10:00:00,5.83,5.95,5.8,5.88,2470100
2026-05-17,14:00:00,5.88,5.91,5.83,5.83,476179
2026-05-18,10:00:00,5.85,5.94,5.82,5.85,2537136
2026-05-18,14:00:00,5.85,5.86,5.82,5.85,592772
2026-05-19,10:00:00,5.93,6.06,5.83,6.01,6053090
2026-05-19,14:00:00,6.01,6.01,5.9,5.93,2097053
2026-05-20,10:00:00,5.83,5.98,5.81,5.87,2590658
2026-05-20,14:00:00,5.87,5.87,5.82,5.83,1027973
2026-05-21,10:00:00,5.92,5.92,5.81,5.85,1032477
2026-05-21,14:00:00,5.85,5.92,5.82,5.92,3337332
2026-05-31,10:00:00,5.88,5.97,5.86,5.88,1124743
2026-05-31,14:00:00,5.88,5.89,5.87,5.88,254415
2026-06-01,10:00:00,6.27,6.35,5.96,6.25,8319000
2026-06-01,14:00:00,6.25,6.3,6.22,6.27,1238522
2026-06-02,10:00:00,6.38,6.48,6.29,6.46,4110107
2026-06-02,14:00:00,6.45,6.46,6.3,6.38,1146970
2026-06-03,10:00:00,6.47,6.56,6.29,6.46,2938080
2026-06-03,14:00:00,6.46,6.47,6.42,6.47,672156
2026-06-04,10:00:00,6.45,6.59,6.33,6.45,1702380
2026-06-04,14:00:00,6.45,6.46,6.43,6.45,421173
2026-06-07,10:00:00,6.22,6.36,6.16,6.22,3023429
2026-06-07,14:00:00,6.22,6.24,6.2,6.22,724837
2026-06-08,10:00:00,6.4,6.4,6.21,6.39,3164590
2026-06-08,14:00:00,6.39,6.45,6.36,6.4,1197133
2026-06-09,10:00:00,6.27,6.4,6.18,6.28,2351630
2026-06-09,14:00:00,6.28,6.29,6.25,6.27,565540
2026-06-10,10:00:00,6.43,6.51,6.36,6.46,2897890
2026-06-10,14:00:00,6.46,6.47,6.4,6.43,595485
2026-06-11,10:00:00,6.47,6.54,6.4,6.49,2141593
2026-06-11,14:00:00,6.47,6.49,6.44,6.47,308212
2026-06-14,10:00:00,6.26,6.43,6.26,6.34,1844665
2026-06-14,14:00:00,6.34,6.35,6.25,6.26,931989
2026-06-15,10:00:00,6.32,6.36,6.29,6.3,859726
2026-06-15,14:00:00,6.3,6.35,6.3,6.32,505397
2026-06-16,10:00:00,6.34,6.35,6.29,6.31,620296
2026-06-16,14:00:00,6.31,6.36,6.3,6.36,444198
2026-06-17,10:00:00,6.35,6.43,6.3,6.38,1835134
2026-06-17,14:00:00,6.37,6.38,6.32,6.38,759506
2026-06-18,10:00:00,6.37,6.45,6.35,6.37,1670522
2026-06-18,14:00:00,6.37,6.41,6.36,6.4,681659
2026-06-21,10:00:00,6.41,6.47,6.35,6.37,1136318
2026-06-21,14:00:00,6.37,6.37,6.32,6.33,228174
2026-06-22,10:00:00,6.35,6.4,6.29,6.31,1065406
2026-06-22,14:00:00,6.31,6.33,6.28,6.33,151196
2026-06-23,10:00:00,6.33,6.34,6.26,6.27,596989
2026-06-23,14:00:00,6.28,6.33,6.22,6.33,711999
2026-06-24,10:00:00,6.3,6.41,6.29,6.3,1515811
2026-06-24,14:00:00,6.3,6.32,6.27,6.32,373356
2026-06-25,10:00:00,6.29,6.32,6.24,6.29,901759
2026-06-25,14:00:00,6.29,6.33,6.26,6.32,722991
2026-06-28,10:00:00,6.32,6.32,6.16,6.18,721903
2026-06-28,14:00:00,6.18,6.2,6.17,6.18,185158
2026-06-29,10:00:00,6.18,6.23,6.07,6.19,1028046
2026-06-29,14:00:00,6.18,6.22,6.12,6.22,383743
2026-06-30,10:00:00,6.22,6.28,6.14,6.25,1077843
2026-06-30,14:00:00,6.26,6.3,6.24,6.3,220515
2026-07-01,10:00:00,6.3,6.39,6.26,6.29,1734127
2026-07-01,14:00:00,6.3,6.35,6.28,6.35,678113
2026-07-02,10:00:00,6.3,6.32,6.23,6.28,719094
2026-07-02,14:00:00,6.27,6.32,6.26,6.27,323711
2026-07-05,10:00:00,6.23,6.24,6.11,6.14,945009
2026-07-05,14:00:00,6.14,6.16,6.12,6.15,185202
2026-07-06,10:00:00,6.14,6.16,6.08,6.13,840577
2026-07-06,14:00:00,6.13,6.15,6.09,6.09,326163
2026-07-07,10:00:00,6.09,6.27,6.05,6.24,1043059
2026-07-07,14:00:00,6.24,6.3,6.24,6.3,382299
2026-07-08,10:00:00,6.25,6.34,6.18,6.28,1339868
2026-07-08,14:00:00,6.29,6.29,6.23,6.25,267161
2026-07-09,10:00:00,6.23,6.29,6.16,6.25,1645089
2026-07-09,14:00:00,6.24,6.25,6.19,6.25,225856
2026-07-12,10:00:00,6.23,6.23,6.13,6.16,656356
2026-07-12,14:00:00,6.15,6.17,6.14,6.14,110121
2026-07-13,10:00:00,6.14,6.29,6.14,6.26,969515
2026-07-13,14:00:00,6.26,6.27,6.23,6.25,253726
2026-07-14,10:00:00,6.24,6.34,6.22,6.33,1756297
2026-07-14,14:00:00,6.33,6.35,6.31,6.35,691145
2026-07-15,10:00:00,6.35,6.42,6.29,6.33,2389495
2026-07-15,14:00:00,6.33,6.34,6.29,6.32,298561
2026-07-16,10:00:00,6.31,6.48,6.31,6.43,1886366
2026-07-16,14:00:00,6.42,6.45,6.41,6.45,397485
2026-07-19,10:00:00,6.48,6.48,6.23,6.24,1088189
2026-07-19,14:00:00,6.24,6.27,6.22,6.23,171767
2026-07-20,10:00:00,6.23,6.28,6.2,6.22,778732
2026-07-20,14:00:00,6.21,6.22,6.19,6.21,228736
2026-07-21,10:00:00,6.2,6.3,6.19,6.21,800903
2026-07-21,14:00:00,6.22,6.24,6.19,6.23,285271
2026-07-22,10:00:00,6.24,6.27,6.19,6.22,942995
2026-07-22,14:00:00,6.22,6.23,6.21,6.23,337833
2026-07-23,10:00:00,6.31,6.35,6.23,6.29,1175102
2026-07-23,14:00:00,6.29,6.32,6.28,6.31,277947
2026-07-26,10:00:00,6.24,6.29,6.21,6.26,241536
2026-07-26,14:00:00,6.26,6.26,6.22,6.24,90237
2026-07-27,10:00:00,6.24,6.28,6.21,6.23,390993
2026-07-27,14:00:00,6.22,6.25,6.2,6.25,406310
2026-07-28,10:00:00,6.27,6.33,6.18,6.29,1010221
2026-07-28,14:00:00,6.29,6.3,6.24,6.27,250102
2026-07-29,10:00:00,6.19,6.21,6.12,6.16,451733
2026-07-29,14:00:00,6.16,6.18,6.11,6.18,429799
2026-07-30,10:00:00,6.15,6.21,6.08,6.19,1424419
2026-07-30,14:00:00,6.2,6.23,6.18,6.23,263443
2026-08-02,10:00:00,6.18,6.21,6.14,6.21,157151
2026-08-02,14:00:00,6.21,6.21,6.19,6.21,41944
2026-08-03,10:00:00,6.36,6.46,6.18,6.36,1133076
2026-08-03,14:00:00,6.38,6.4,6.36,6.36,270383
2026-08-04,10:00:00,6.45,6.46,6.39,6.43,980922
2026-08-04,14:00:00,6.44,6.45,6.41,6.45,308546
2026-08-05,10:00:00,6.48,6.48,6.4,6.42,407486
2026-08-05,14:00:00,6.42,6.49,6.41,6.48,1066064
2026-08-06,10:00:00,6.4,6.61,6.4,6.41,1152679
2026-08-06,14:00:00,6.42,6.44,6.36,6.4,381898
2026-08-09,10:00:00,6.35,6.6,5.98,6.38,1449048
2026-08-09,14:00:00,6.39,6.39,6.35,6.35,150277
2026-08-10,10:00:00,5.88,6.14,5.81,5.9,4195555
2026-08-10,14:00:00,5.89,5.9,5.84,5.88,1079542
2026-08-11,10:00:00,5.79,5.85,5.74,5.83,1590111
2026-08-11,14:00:00,5.83,5.83,5.78,5.79,579369
2026-08-12,10:00:00,5.78,5.84,5.72,5.79,1022969
2026-08-12,14:00:00,5.79,5.79,5.72,5.78,470253
2026-08-13,10:00:00,5.69,5.77,5.67,5.72,1267530
2026-08-13,14:00:00,5.71,5.72,5.67,5.69,427897
2026-08-16,10:00:00,5.71,5.79,5.63,5.67,949519
2026-08-16,14:00:00,5.67,5.73,5.67,5.71,150370
2026-08-17,10:00:00,5.7,5.76,5.6,5.68,1487367
2026-08-17,14:00:00,5.68,5.7,5.65,5.7,640209
2026-08-18,10:00:00,5.69,5.7,5.6,5.64,1314512
2026-08-18,14:00:00,5.65,5.69,5.62,5.69,965860
2026-08-19,10:00:00,5.71,5.82,5.62,5.67,1551526
2026-08-19,14:00:00,5.68,5.71,5.67,5.71,881534
2026-08-20,10:00:00,5.77,5.89,5.7,5.76,2534365
2026-08-20,14:00:00,5.76,5.78,5.74,5.77,544705
2026-08-23,10:00:00,5.87,5.95,5.82,5.85,1970820
2026-08-23,14:00:00,5.85,5.88,5.84,5.87,321795
2026-08-24,10:00:00,5.97,6.0,5.94,5.96,2170918
2026-08-24,14:00:00,5.96,5.98,5.95,5.97,323410
2026-08-25,10:00:00,5.9,5.97,5.88,5.9,1678544
2026-08-25,14:00:00,5.9,5.9,5.88,5.9,692253
2026-08-26,10:00:00,5.92,5.97,5.88,5.93,1692662
2026-08-26,14:00:00,5.93,5.96,5.92,5.92,543325
2026-08-27,10:00:00,5.97,5.98,5.8,5.97,2139217
2026-08-27,14:00:00,5.97,5.99,5.95,5.97,1267575
2026-08-30,10:00:00,5.76,5.83,5.73,5.75,2495831
2026-08-30,14:00:00,5.76,5.79,5.75,5.76,355311
2026-08-31,10:00:00,5.78,5.82,5.75,5.77,1177827
2026-08-31,14:00:00,5.77,5.79,5.76,5.78,259760
2026-09-01,10:00:00,5.79,5.81,5.77,5.81,569201
2026-09-01,14:00:00,5.8,5.81,5.78,5.8,342214
2026-09-02,10:00:00,5.78,5.8,5.74,5.75,830575
2026-09-02,14:00:00,5.75,5.77,5.73,5.77,280455
2026-09-03,10:00:00,5.77,5.79,5.74,5.75,464154
2026-09-03,14:00:00,5.77,5.78,5.75,5.78,332809
2026-09-06,10:00:00,5.78,5.78,5.73,5.74,279952
2026-09-06,14:00:00,5.74,5.75,5.7,5.72,441336
2026-09-07,10:00:00,5.72,5.74,5.69,5.71,297387
2026-09-07,14:00:00,5.7,5.71,5.69,5.7,101541
2026-09-08,10:00:00,5.67,5.69,5.65,5.67,225890
2026-09-08,14:00:00,5.68,5.68,5.66,5.67,86662
2026-09-09,10:00:00,5.61,5.69,5.6,5.64,352031
2026-09-09,14:00:00,5.64,5.65,5.6,5.61,237186
2026-09-10,10:00:00,5.67,5.74,5.6,5.72,2358850
2026-09-10,14:00:00,5.72,5.73,5.66,5.67,1296616
2026-09-13,10:00:00,5.69,5.71,5.61,5.68,663376
2026-09-13,14:00:00,5.67,5.71,5.63,5.69,479814
2026-09-14,10:00:00,5.73,5.77,5.65,5.73,2118149
2026-09-14,14:00:00,5.72,5.73,5.7,5.73,804405
2026-09-15,10:00:00,5.76,5.8,5.65,5.71,2773608
2026-09-15,14:00:00,5.73,5.73,5.65,5.69,826480
2026-09-16,10:00:00,5.7,5.76,5.66,5.68,1171608
2026-09-16,14:00:00,5.67,5.68,5.56,5.59,931812
2026-09-17,10:00:00,5.57,5.7,5.57,5.64,653621
2026-09-17,14:00:00,5.63,5.66,5.61,5.66,349298
2026-09-20,10:00:00,5.7,5.7,5.56,5.59,440351
2026-09-20,14:00:00,5.6,5.61,5.57,5.57,150768
2026-09-21,10:00:00,5.57,5.59,5.51,5.51,654872
2026-09-21,14:00:00,5.52,5.57,5.5,5.57,534156
